year,customer_id,customer_name_std,net_revenue,share_pct,above_10pct,industry,company_size
2022,C1052,Brightwater Labs Group Ltd,2167499.92,7.677416683073611,False,Healthcare,Large (250+)
2022,C1545,Dovedale Labs Group Ltd,1955000.04,6.924729170234791,False,Financial Services,Large (250+)
2022,C1865,Kingsmead Systems & Co,1800000.0,6.375709591506006,False,Retail,Large (250+)
2023,C1052,Brightwater Labs Group Ltd,2209999.92,6.864873878695615,False,Healthcare,Large (250+)
2023,C1545,Dovedale Labs Group Ltd,1955000.04,6.0727733906184405,False,Financial Services,Large (250+)
2023,C1865,Kingsmead Systems & Co,1800000.0,5.591300194097793,False,Retail,Large (250+)
2024,C1052,Brightwater Labs Group Ltd,2320499.88,6.228042086046091,False,Healthcare,Large (250+)
2024,C1545,Dovedale Labs Group Ltd,2052750.0,5.509422130257173,False,Financial Services,Large (250+)
2024,C1865,Kingsmead Systems & Co,1890000.0,5.072613726067986,False,Retail,Large (250+)
