rank,customer_id,net_revenue,cum_share_pct,customer_pct
1,C1052,2100944.88,4.591584983801841,0.05980861244019139
2,C1865,2022300.0,9.011292707282175,0.11961722488038277
3,C1545,1841135.63,13.03506829146149,0.17942583732057416
4,C1881,1336965.0,15.956986175317933,0.23923444976076555
5,C1328,1220401.99,18.624157268110185,0.29904306220095694
6,C1933,1011150.12,20.834011392108632,0.3588516746411483
7,C1069,175300.71,21.217128586352114,0.41866028708133973
8,C2470,173380.89,21.59605004144626,0.4784688995215311
9,C2321,170484.42,21.968641302785855,0.5382775119617225
10,C1964,169301.3,22.338646872288535,0.5980861244019139
11,C2417,164874.21,22.698977099920302,0.6578947368421053
12,C2186,162191.33,23.053443931687372,0.7177033492822966
13,C1819,154060.95,23.39014193425955,0.777511961722488
14,C1015,151390.93,23.72100464631309,0.8373205741626795
15,C2270,147346.68,24.043028707839657,0.8971291866028708
16,C1313,143295.86,24.356199760198237,0.9569377990430622
17,C1720,141110.79,24.664595373326563,1.0167464114832536
18,C1050,133458.26,24.956266491599937,1.076555023923445
19,C2548,132527.46,25.245903359787263,1.1363636363636365
20,C1109,131890.78,25.534148772941517,1.1961722488038278
21,C2737,129115.74,25.816329375869312,1.255980861244019
22,C1559,127903.49,26.095860623761855,1.3157894736842106
23,C2246,126263.28,26.371807216160587,1.375598086124402
24,C1547,122474.93,26.63947442382202,1.4354066985645932
25,C2079,121823.06,26.90571697892265,1.4952153110047848
26,C1094,112240.09,27.15101609016091,1.555023923444976
27,C2123,106099.48,27.382894986078057,1.6148325358851674
28,C1101,105939.42,27.614424073154666,1.674641148325359
29,C2522,104524.52,27.842860916519683,1.7344497607655502
30,C2503,102565.93,28.067017289454927,1.7942583732057416
31,C1329,97922.86,28.281026299318583,1.854066985645933
32,C2366,97402.7,28.493898506942497,1.9138755980861244
33,C1593,94963.08,28.701438959952178,1.9736842105263157
34,C2393,91348.37,28.901079515960852,2.0334928229665072
35,C2557,88994.06,29.09557476114004,2.0933014354066986
36,C2689,88564.84,29.289131952148693,2.15311004784689
37,C1609,78401.78,29.460477920897446,2.212918660287081
38,C1114,71990.66,29.617812478589403,2.272727272727273
39,C1511,70527.12,29.7719484905455,2.3325358851674642
40,C2796,65732.47,29.915605863508194,2.3923444976076556
41,C1481,59768.59,30.046229262036857,2.452153110047847
42,C2403,59314.47,30.175860187801163,2.511961722488038
43,C1402,58582.27,30.303890900938683,2.5717703349282295
44,C2880,57969.63,30.43058269811927,2.6315789473684212
45,C1164,56087.47,30.553161061541843,2.6913875598086126
46,C2268,55326.04,30.67407533059074,2.751196172248804
47,C2132,55010.16,30.79429924841791,2.811004784688995
48,C1249,54984.14,30.914466299907264,2.8708133971291865
49,C1407,54951.12,31.034561186658934,2.930622009569378
50,C2316,54522.75,31.153719876902905,2.9904306220095696
51,C1470,54154.9,31.272074636233523,3.050239234449761
52,C1767,53528.88,31.389061237808587,3.110047846889952
53,C1108,53214.84,31.505361509455607,3.1698564593301435
54,C1869,53205.0,31.621640275923376,3.229665071770335
55,C1020,52952.76,31.73736777547913,3.289473684210526
56,C1756,52788.65,31.852736614977275,3.349282296650718
57,C1697,52753.46,31.968028547233775,3.409090909090909
58,C1083,52725.04,32.08325836798678,3.4688995215311005
59,C2003,52663.05,32.19835271048149,3.528708133971292
60,C1133,52564.08,32.31323075545683,3.588516746411483
61,C1423,52520.52,32.42801360067524,3.648325358851675
62,C1065,52492.2,32.54273455293874,3.708133971291866
63,C1389,52447.25,32.65735726762019,3.7679425837320575
64,C2925,52412.28,32.77190355586685,3.827751196172249
65,C2904,52202.5,32.88599137292415,3.88755980861244
66,C1685,52134.96,32.99993158227753,3.9473684210526314
67,C2000,52093.2,33.11378052574823,4.007177033492823
68,C2664,52012.14,33.2274523137484,4.0669856459330145
69,C1835,51908.54,33.34089768543044,4.126794258373206
70,C1704,51633.48,33.45374191741688,4.186602870813397
71,C2726,51553.68,33.56641174764475,4.246411483253588
72,C2873,51417.95,33.67878494189908,4.30622009569378
73,C2455,51389.88,33.79109678956991,4.366028708133971
74,C1523,51236.63,33.9030737115578,4.425837320574162
75,C1049,51195.12,34.014959914034435,4.485645933014354
76,C1949,51025.8,34.12647607007299,4.545454545454546
77,C2304,50890.68,34.23769692328427,4.605263157894737
78,C2716,50811.48,34.348744686028404,4.6650717703349285
79,C2720,50809.38,34.459787859252586,4.72488038277512
80,C1270,50764.56,34.57073307900785,4.784688995215311
81,C2935,50726.57,34.68159527216152,4.844497607655502
82,C1455,50640.0,34.79226826781847,4.904306220095694
83,C1886,50387.88,34.90239025882168,4.964114832535885
84,C1488,50177.72,35.01205294815098,5.023923444976076
85,C1186,49803.24,35.120897216796756,5.083732057416268
86,C2814,49707.68,35.2295326404294,5.143540669856459
87,C2447,49664.76,35.33807426301595,5.20334928229665
88,C1601,49610.36,35.44649699518063,5.2631578947368425
89,C1602,49249.8,35.55413172862269,5.322966507177034
90,C1295,49131.96,35.6615089244303,5.382775119617225
91,C2735,49113.84,35.768846519237094,5.442583732057416
92,C1888,48984.0,35.875900350581084,5.502392344497608
93,C1777,48965.29,35.9829132914877,5.562200956937799
94,C2475,48829.32,36.089629071904206,5.62200956937799
95,C1654,48715.2,36.19609544469305,5.681818181818182
96,C2174,48641.64,36.30240105315409,5.741626794258373
97,C2418,48508.08,36.40841476814553,5.801435406698564
98,C1051,48470.4,36.51434613403595,5.861244019138756
99,C2365,48465.0,36.620265698303605,5.921052631578948
100,C2798,48427.92,36.72610422476164,5.980861244019139
101,C1346,48415.04,36.831914602163906,6.04066985645933
102,C1572,48344.28,36.93757033459831,6.100478468899522
103,C1066,48313.68,37.04315919117041,6.160287081339713
104,C1552,48304.92,37.14872890288781,6.220095693779904
105,C1931,48169.11,37.25400180379281,6.279904306220096
106,C2532,48168.24,37.35927280332525,6.339712918660287
107,C2453,48113.04,37.464423164047254,6.399521531100478
108,C1230,48087.77,37.56951829754572,6.45933014354067
109,C1238,48036.36,37.67450107522454,6.519138755980861
110,C2222,48034.2,37.77947913225425,6.578947368421052
111,C1596,48008.64,37.88440132826958,6.638755980861244
112,C1029,47807.94,37.988884897305674,6.698564593301436
113,C2172,47780.52,38.09330854032397,6.758373205741627
114,C2894,47684.03,38.19752130582744,6.818181818181818
115,C1264,47681.88,38.30172937253666,6.87799043062201
116,C2290,47663.14,38.40589648324394,6.937799043062201
117,C2150,47660.16,38.51005708120384,6.997607655502392
118,C2161,47568.84,38.61401810060996,7.057416267942584
119,C1140,47415.84,38.717644740704564,7.117224880382775
120,C1438,47247.48,38.82090343242734,7.177033492822966
121,C2704,47090.5,38.92381904660553,7.2368421052631575
122,C1996,47046.6,39.02663871796166,7.29665071770335
123,C2095,47025.48,39.12941223185988,7.356459330143541
124,C2747,47023.08,39.23218050059243,7.416267942583732
125,C2543,46987.92,39.3348719276479,7.476076555023924
126,C2147,46940.52,39.43745976268137,7.535885167464115
127,C1412,46875.84,39.5399062405,7.595693779904306
128,C2681,46821.12,39.64223312854134,7.655502392344498
129,C2692,46798.94,39.74451154250995,7.715311004784689
130,C1861,46786.56,39.846762900165615,7.77511961722488
131,C1075,46671.6,39.94876301438566,7.8349282296650715
132,C1645,46598.16,40.05060262653617,7.894736842105263
133,C1795,46577.88,40.15239791703676,7.954545454545454
134,C2940,46485.85,40.25399207728872,8.014354066985646
135,C1970,46273.74,40.355122674169664,8.074162679425838
136,C2527,46226.76,40.45615059693259,8.133971291866029
137,C2575,46006.68,40.55669753800349,8.19377990430622
138,C1680,45958.55,40.65713929164784,8.253588516746412
139,C1411,45902.88,40.75745937930347,8.313397129186603
140,C1840,45854.16,40.857672990095985,8.373205741626794
141,C2788,45701.64,40.95755327061011,8.433014354066986
142,C2488,45658.49,41.05733924741645,8.492822966507177
143,C1111,45634.98,41.157073843454064,8.552631578947368
144,C2923,45618.96,41.256773428010824,8.61244019138756
145,C2070,45481.92,41.356173513607786,8.67224880382775
146,C2516,45185.52,41.45492582124437,8.732057416267942
147,C1292,45128.64,41.55355381845456,8.791866028708133
148,C2780,45090.96,41.65209946656371,8.851674641148325
149,C1498,45074.64,41.75060944754631,8.911483253588516
150,C1832,45044.04,41.84905255266659,8.971291866028707
151,C1706,45008.76,41.94741855385153,9.0311004784689
152,C2233,44966.7,42.04569263350807,9.090909090909092
153,C2807,44955.28,42.143941754917954,9.150717703349283
154,C2280,44916.18,42.242105423837124,9.210526315789474
155,C1809,44884.5,42.340199856569434,9.270334928229666
156,C2781,44878.8,42.438281832033276,9.330143540669857
157,C1150,44860.86,42.53632459988373,9.389952153110048
158,C2387,44470.8,42.63351489718351,9.44976076555024
159,C1982,44388.12,42.73052449852594,9.509569377990431
160,C1916,44368.32,42.827490827251566,9.569377990430622
161,C1913,44345.82,42.924407982549035,9.629186602870814
162,C1945,44324.28,43.02127806248461,9.688995215311005
163,C2890,44234.52,43.11795197322408,9.748803827751196
164,C2994,44205.24,43.21456189294238,9.808612440191387
165,C2104,44194.56,43.31114847167343,9.868421052631579
166,C2865,44108.57,43.40754712048946,9.92822966507177
167,C1657,44041.95,43.50380017224842,9.988038277511961
168,C2711,43887.48,43.59971563203188,10.047846889952153
169,C1935,43863.48,43.69557864015863,10.107655502392344
170,C2606,43850.76,43.791413848907325,10.167464114832535
171,C2471,43717.44,43.886957688703006,10.227272727272727
172,C1613,43630.92,43.98231244027624,10.287081339712918
173,C1890,43574.16,44.07754314368135,10.34688995215311
174,C1586,43356.05,44.17229717080127,10.4066985645933
175,C1169,43337.88,44.26701148764608,10.466507177033494
176,C2133,43195.68,44.36141502842489,10.526315789473685
177,C1397,43131.24,44.455677736505436,10.586124401913876
178,C1714,43125.6,44.54992811844665,10.645933014354068
179,C1853,43125.48,44.644178238129584,10.705741626794259
180,C1184,43116.96,44.73840973747439,10.76555023923445
181,C2961,43095.25,44.83259378992473,10.825358851674642
182,C1365,43002.75,44.92657568494816,10.885167464114833
183,C2663,42988.8,45.02052709244614,10.944976076555024
184,C2706,42948.72,45.114390905677396,11.004784688995215
185,C2881,42920.81,45.20819372200289,11.064593301435407
186,C2770,42853.68,45.30184982667358,11.124401913875598
187,C2653,42690.3,45.39514886669124,11.18421052631579
188,C2008,42677.76,45.488420500718256,11.24401913875598
189,C2501,42548.76,45.58141020709047,11.303827751196172
190,C2213,42354.56,45.673975492140464,11.363636363636363
191,C2640,42306.48,45.76643569903818,11.423444976076555
192,C2795,42234.96,45.85873959999892,11.483253588516746
193,C1893,42214.32,45.95099839253488,11.543062200956937
194,C1221,42156.36,46.04313051431988,11.602870813397129
195,C1781,42076.08,46.13508718531319,11.66267942583732
196,C2767,41980.2,46.22683431193794,11.722488038277511
197,C2386,41962.44,46.31854262433674,11.782296650717702
198,C2605,41949.36,46.41022235058263,11.842105263157896
199,C1198,41925.36,46.5018496251718,11.901913875598087
200,C2443,41834.64,46.593278632498624,11.961722488038278
201,C2633,41816.76,46.68466856334119,12.02153110047847
202,C2702,41736.36,46.77588278113378,12.08133971291866
203,C2660,41719.08,46.867059233733535,12.141148325358852
204,C1548,41551.08,46.95786852473633,12.200956937799043
205,C1959,41460.0,47.04847876170191,12.260765550239235
206,C1918,41425.33,47.139013227878394,12.320574162679426
207,C1445,41405.28,47.22950387506669,12.380382775119617
208,C1519,41377.2,47.31993315381661,12.440191387559809
209,C2911,41347.04,47.41029651831795,12.5
210,C1037,41144.64,47.50021754051436,12.559808612440191
211,C2871,41130.04,47.59010665461962,12.619617224880383
212,C2651,41114.52,47.67996184998687,12.679425837320574
213,C2550,41085.38,47.769753360300925,12.739234449760765
214,C2594,40956.85,47.85926397013845,12.799043062200957
215,C1085,40935.48,47.94872787614665,12.858851674641148
216,C1469,40870.84,48.03805051235944,12.91866028708134
217,C2162,40826.4,48.12727602558789,12.97846889952153
218,C1681,40824.6,48.21649760494209,13.038277511961722
219,C1338,40715.28,48.305480266999986,13.098086124401913
220,C1759,40319.19,48.39359728002845,13.157894736842104
221,C2115,40136.37,48.48131474256194,13.217703349282298
222,C2864,40002.48,48.568739590415554,13.277511961722489
223,C1569,39943.2,48.6560348826771,13.33732057416268
224,C2492,39921.84,48.74328349296417,13.397129186602871
225,C1126,39900.62,48.83048572724477,13.456937799043063
226,C1641,39846.0,48.91756859029664,13.516746411483254
227,C2714,39723.72,49.004384212157575,13.576555023923445
228,C1012,39639.84,49.09101651547831,13.636363636363637
229,C1342,39460.94,49.17725783540799,13.696172248803828
230,C1437,39356.88,49.26327173369612,13.75598086124402
231,C2158,39232.4,49.34901358272479,13.81578947368421
232,C2517,39175.68,49.434631471004764,13.875598086124402
233,C1074,39097.8,49.52007915365872,13.935406698564593
234,C1093,39097.8,49.60552683631267,13.995215311004785
235,C2145,39058.2,49.690887973733055,14.055023923444976
236,C2020,39006.84,49.77613686460808,14.114832535885167
237,C2378,38796.36,49.86092575445376,14.174641148325358
238,C2192,38789.48,49.94569960815785,14.23444976076555
239,C1215,38755.08,50.030398281153985,14.294258373205741
240,C1928,38702.24,50.11498147308594,14.354066985645932
241,C1190,38590.08,50.1993195409422,14.413875598086124
242,C1148,38548.08,50.28356581839921,14.473684210526315
243,C1492,38418.93,50.36752984037857,14.533492822966506
244,C2117,38368.32,50.45138325492684,14.5933014354067
245,C1218,38303.52,50.53509505000199,14.65311004784689
246,C1518,38282.4,50.61876068761924,14.712918660287082
247,C1163,38248.08,50.70235131936739,14.772727272727273
248,C1104,38207.92,50.78585418200999,14.832535885167465
249,C1450,38136.0,50.86919986452131,14.892344497607656
250,C2937,38066.84,50.95239439884188,14.952153110047847
251,C2358,37945.32,51.03532335294065,15.011961722488039
252,C2408,37934.28,51.11822817927733,15.07177033492823
253,C2209,37643.04,51.20049650475984,15.131578947368421
254,C2256,37624.44,51.2827241802084,15.191387559808613
255,C2989,37552.12,51.36479380133141,15.251196172248804
256,C1418,37514.08,51.44678028657853,15.311004784688995
257,C2491,37506.24,51.52874963761779,15.370813397129186
258,C2205,37498.78,51.61070268493377,15.430622009569378
259,C2991,37425.52,51.69249562356763,15.490430622009569
260,C1176,37395.96,51.77422395924432,15.55023923444976
261,C1465,37376.37,51.85590948125622,15.610047846889952
262,C2179,37339.56,51.937514555539636,15.669856459330143
263,C2087,37294.2,52.01902049619187,15.729665071770334
264,C2377,37229.72,52.10038551672642,15.789473684210526
265,C2815,37202.28,52.18169056753346,15.849282296650717
266,C2116,37182.12,52.26295155894886,15.909090909090908
267,C1952,37167.6,52.344180817111955,15.9688995215311
268,C2239,37158.96,52.425391192678646,16.028708133971293
269,C1425,37108.8,52.50649194428281,16.088516746411482
270,C1725,37098.84,52.58757092844943,16.148325358851675
271,C1599,36997.2,52.668427779849885,16.208133971291865
272,C2315,36919.47,52.74911475344717,16.267942583732058
273,C1839,36896.2,52.8297508707923,16.327751196172247
274,C2680,36866.88,52.91032290969683,16.38755980861244
275,C2523,36740.64,52.99061905288706,16.44736842105263
276,C1940,36726.72,53.07088477411641,16.507177033492823
277,C1494,36680.76,53.15105005042315,16.566985645933013
278,C1131,36647.64,53.231142943443636,16.626794258373206
279,C1625,36636.24,53.311210921927184,16.6866028708134
280,C2574,36612.36,53.39122671101231,16.74641148325359
281,C2170,36601.43,53.47121861273877,16.80622009569378
282,C1576,36533.76,53.55106262264817,16.86602870813397
283,C1061,36521.4,53.630879619954364,16.925837320574164
284,C2636,36437.85,53.710514019930635,16.985645933014354
285,C2564,36426.72,53.79012409545111,17.045454545454547
286,C2362,36411.28,53.86970042707244,17.105263157894736
287,C2867,36404.64,53.94926224706874,17.16507177033493
288,C2622,36365.4,54.028738308606314,17.22488038277512
289,C1758,36291.09,54.108051966701815,17.284688995215312
290,C1864,36288.84,54.187360707454495,17.3444976076555
291,C2235,36262.08,54.26661096460993,17.404306220095695
292,C2021,36253.32,54.34584207691068,17.464114832535884
293,C1100,36178.08,54.424908753267644,17.523923444976077
294,C1212,36088.92,54.50378057171993,17.583732057416267
295,C2436,36075.84,54.58262380401931,17.64354066985646
296,C2601,35976.0,54.66124883742678,17.70334928229665
297,C2247,35916.72,54.739744315242184,17.763157894736842
298,C1210,35915.16,54.8182363836999,17.822966507177032
299,C1778,35886.6,54.896666034686135,17.882775119617225
300,C2776,35869.08,54.975057395962956,17.942583732057415
301,C1205,35836.92,55.0533784720198,18.002392344497608
302,C1307,35804.4,55.131628476081794,18.0622009569378
303,C1659,35793.72,55.20985513915655,18.12200956937799
304,C1647,35780.4,55.288052691561845,18.181818181818183
305,C1678,35668.08,55.36600477021372,18.241626794258373
306,C2121,35633.16,55.4438805317051,18.301435406698566
307,C1614,35609.52,55.521704628314616,18.361244019138756
308,C2100,35558.76,55.599417789670206,18.42105263157895
309,C2310,35512.68,55.6770302438449,18.480861244019138
310,C2282,35497.56,55.75460965347585,18.54066985645933
311,C2092,35497.2,55.832188276331976,18.60047846889952
312,C2330,35493.12,55.90975798240645,18.660287081339714
313,C2277,35429.76,55.987189216107225,18.720095693779903
314,C1772,35356.32,56.064459947738456,18.779904306220097
315,C1637,35353.8,56.14172517194574,18.839712918660286
316,C1287,35296.92,56.21886608572661,18.89952153110048
317,C1921,35273.88,56.295956645917045,18.95933014354067
318,C1436,35207.4,56.372901915018396,19.019138755980862
319,C1025,35202.72,56.44983695604668,19.07894736842105
320,C2033,35199.0,56.52676386706818,19.138755980861244
321,C2424,35145.9,56.60357472879922,19.198564593301434
322,C1731,35110.2,56.68030756869089,19.258373205741627
323,C1748,35065.2,56.75694206172624,19.318181818181817
324,C2634,35055.39,56.83355511514691,19.37799043062201
325,C2107,35043.0,56.9101410903998,19.4377990430622
326,C2313,35015.88,56.98666779528061,19.497607655502392
327,C2872,34951.41,57.06305360189858,19.557416267942585
328,C2528,34747.08,57.138992848224234,19.617224880382775
329,C1337,34746.24,57.214930258741916,19.677033492822968
330,C1404,34711.16,57.290791002421365,19.736842105263158
331,C2456,34667.16,57.366555584730186,19.79665071770335
332,C1884,34470.72,57.441890850228845,19.85645933014354
333,C3016,34450.84,57.51718266827186,19.916267942583733
334,C3025,34408.29,57.59238149389849,19.976076555023923
335,C2629,34184.16,57.66709048661604,20.035885167464116
336,C1021,34137.06,57.74169654295728,20.095693779904305
337,C1330,34114.08,57.81625237683723,20.1555023923445
338,C1393,34081.2,57.89073635194749,20.215311004784688
339,C2187,34075.47,57.96520780422471,20.27511961722488
340,C1395,34018.56,58.03955488051095,20.33492822966507
341,C1542,33951.36,58.11375509215841,20.394736842105264
342,C1091,33900.89,58.18784500234278,20.454545454545453
343,C2421,33682.11,58.261456771966536,20.514354066985646
344,C1561,33570.02,58.33482357049859,20.574162679425836
345,C1880,33470.64,58.40797317546217,20.63397129186603
346,C1841,33459.91,58.48109933016422,20.69377990430622
347,C2126,33375.48,58.55404096430893,20.75358851674641
348,C2023,33369.24,58.62696896102291,20.8133971291866
349,C3000,33149.76,58.699417287336274,20.873205741626794
350,C1175,33112.86,58.77178496922745,20.933014354066987
351,C2883,33093.42,58.8441101652767,20.992822966507177
352,C2641,33048.62,58.91633745156675,21.05263157894737
353,C2411,33048.0,58.988563382855666,21.11244019138756
354,C2639,32922.16,59.06051429262457,21.172248803827753
355,C2159,32915.3,59.1324502099616,21.232057416267942
356,C1765,32844.46,59.20423130749191,21.291866028708135
357,C2449,32803.2,59.27592223188239,21.351674641148325
358,C1380,32735.52,59.34746524260095,21.411483253588518
359,C2083,32714.16,59.41896157134504,21.471291866028707
360,C2178,32646.02,59.49030898109378,21.5311004784689
361,C1213,32626.56,59.56161386129089,21.59090909090909
362,C2045,32626.56,59.63291874148798,21.650717703349283
363,C1079,32626.56,59.704223621685074,21.710526315789473
364,C1499,32626.56,59.77552850188217,21.770334928229666
365,C2398,32497.19,59.84655064579475,21.830143540669855
366,C2141,32411.64,59.91738582140602,21.88995215311005
367,C2065,32292.09,59.9879597222023,21.949760765550238
368,C1288,32202.36,60.058337519367065,22.00956937799043
369,C1984,32113.4,60.128520895724286,22.06937799043062
370,C1604,32072.7,60.19861532281367,22.129186602870814
371,C1942,32014.95,60.26858353810409,22.188995215311003
372,C1688,32008.63,60.33853794112492,22.248803827751196
373,C1606,32008.63,60.40849234414575,22.30861244019139
374,C1382,32008.63,60.47844674716658,22.36842105263158
375,C1451,31961.4,60.548297929697966,22.428229665071772
376,C3065,31824.05,60.617848935769,22.48803827751196
377,C2490,31787.21,60.68731942854697,22.547846889952154
378,C1434,31728.84,60.756662354524856,22.607655502392344
379,C1187,31700.4,60.82594312528953,22.667464114832537
380,C2786,31665.04,60.895146617279984,22.727272727272727
381,C1110,31628.16,60.964269508557976,22.78708133971292
382,C2678,31565.76,61.03325602552852,22.84688995215311
383,C1658,31560.24,61.10223047861801,22.906698564593302
384,C2903,31529.55,61.17113785915149,22.966507177033492
385,C2624,31395.73,61.23975277798911,23.026315789473685
386,C1815,31366.39,61.3083035746764,23.086124401913874
387,C1662,31340.55,61.376797898413294,23.145933014354068
388,C3010,31339.0,61.445288834647364,23.205741626794257
389,C1254,31334.53,61.51377000176036,23.26555023923445
390,C1032,31288.68,61.5821509643542,23.32535885167464
391,C2409,31219.4,61.65038051649899,23.385167464114833
392,C1268,31011.84,61.71815644923268,23.444976076555022
393,C2544,30908.64,61.78570683984252,23.504784688995215
394,C1814,30907.8,61.85325539464437,23.564593301435405
395,C1858,30833.12,61.92064073737443,23.624401913875598
396,C3072,30804.37,61.98796324739072,23.68421052631579
397,C2096,30794.52,62.0552642303729,23.74401913875598
398,C2700,30724.68,62.12241257903406,23.803827751196174
399,C2167,30714.49,62.189538657595975,23.863636363636363
400,C2014,30663.36,62.256552992274244,23.923444976076556
401,C1320,30633.82,62.323502767705044,23.983253588516746
402,C3005,30618.46,62.390418974075544,24.04306220095694
403,C1851,30617.69,62.457333497622066,24.10287081339713
404,C1372,30468.84,62.5239227116227,24.16267942583732
405,C2352,30294.24,62.59013033982078,24.22248803827751
406,C2134,30279.84,62.65630649702483,24.282296650717704
407,C2582,30231.33,62.72237663631774,24.342105263157894
408,C1255,30220.44,62.788422975671445,24.401913875598087
409,C2831,30218.04,62.85446406985947,24.461722488038276
410,C2348,30117.48,62.92028539160588,24.52153110047847
411,C1824,30033.08,62.985922258359516,24.58133971291866
412,C1793,29928.09,63.05132967096992,24.641148325358852
413,C3014,29841.79,63.11654847616473,24.70095693779904
414,C2631,29837.88,63.18175873611048,24.760765550239235
415,C1340,29811.98,63.24691239197669,24.820574162679424
416,C1732,29665.88,63.31174674838268,24.880382775119617
417,C1953,29573.29,63.37637875066807,24.940191387559807
418,C1769,29526.12,63.44090766359315,25.0
419,C1787,29449.8,63.505269780249904,25.059808612440193
420,C1631,29436.76,63.56960339817318,25.119617224880383
421,C1283,29330.96,63.633705791709794,25.179425837320576
422,C1486,29226.96,63.69758089473401,25.239234449760765
423,C1965,29224.7,63.76145105856053,25.29904306220096
424,C1938,29182.06,63.82522803327698,25.358851674641148
425,C2157,29106.9,63.88884074688849,25.41866028708134
426,C3053,28938.54,63.95208551212819,25.47846889952153
427,C1038,28902.22,64.01525090052739,25.538277511961724
428,C2849,28883.77,64.07837596671551,25.598086124401913
429,C2876,28869.89,64.14147069836217,25.657894736842106
430,C1579,28857.24,64.20453778361477,25.717703349282296
431,C2189,28661.35,64.26717675407433,25.77751196172249
432,C1350,28609.68,64.32970280048796,25.83732057416268
433,C1018,28413.36,64.39179979234972,25.89712918660287
434,C2462,28408.1,64.45388528855672,25.95693779904306
435,C3039,28383.36,64.51591671584758,26.016746411483254
436,C1137,28360.37,64.5778978988223,26.076555023923444
437,C2541,28240.86,64.63961789440145,26.136363636363637
438,C1322,28091.69,64.70101188107931,26.196172248803826
439,C2445,27814.78,64.76180068491301,26.25598086124402
440,C2645,27782.64,64.82251924723644,26.31578947368421
441,C1053,27753.6,64.88317434305526,26.375598086124402
442,C1392,27640.92,64.94358317834583,26.435406698564595
443,C1557,27537.84,65.00376673377082,26.495215311004785
444,C2505,27513.99,65.06389816536195,26.555023923444978
445,C2177,27494.83,65.12398772304715,26.614832535885167
446,C2476,27444.07,65.18396634547841,26.67464114832536
447,C2059,27410.44,65.24387147002571,26.73444976076555
448,C1214,27254.61,65.30343603033695,26.794258373205743
449,C2886,27178.15,65.36283348841188,26.854066985645932
450,C1464,27164.64,65.42220142057504,26.913875598086126
451,C2852,27107.64,65.48144478005351,26.973684210526315
452,C2326,27074.32,65.54061531914859,27.033492822966508
453,C2329,26835.72,65.59926440135655,27.093301435406698
454,C1784,26761.26,65.65775075229956,27.15311004784689
455,C2773,26658.9,65.71601339692673,27.21291866028708
456,C1903,26381.68,65.77367018120917,27.272727272727273
457,C2897,26360.06,65.83127971529086,27.332535885167463
458,C1823,26331.36,65.88882652593307,27.392344497607656
459,C1968,26296.68,65.94629754393134,27.452153110047846
460,C2966,26094.3,66.00332626333439,27.51196172248804
461,C2361,26049.92,66.06025799088226,27.571770334928228
462,C2175,25799.1,66.11664155490779,27.63157894736842
463,C2862,25725.24,66.1728636989598,27.69138755980861
464,C2916,25679.79,66.22898651268693,27.751196172248804
465,C3026,25481.69,66.28467638169762,27.811004784688997
466,C1954,25211.4,66.33977553577948,27.870813397129186
467,C1371,25107.96,66.39464862322093,27.93062200956938
468,C1844,25046.52,66.4493874344212,27.99043062200957
469,C1929,24971.88,66.5039631209691,28.050239234449762
470,C1790,24968.64,66.55853172654335,28.11004784688995
471,C1892,24946.32,66.61305155207685,28.169856459330145
472,C1710,24909.6,66.6674911265756,28.229665071770334
473,C2388,24762.0,66.72160812338558,28.289473684210527
474,C2858,24672.84,66.77553026229089,28.349282296650717
475,C2156,24666.6,66.82943876376545,28.40909090909091
476,C1072,24603.48,66.88320931738286,28.4688995215311
477,C2061,24550.48,66.93686404025837,28.528708133971293
478,C2657,24529.56,66.99047304277312,28.588516746411482
479,C2846,24506.04,67.04403064266428,28.648325358851675
480,C2553,24492.48,67.09755860736942,28.708133971291865
481,C2322,24485.52,67.1510713610941,28.767942583732058
482,C1550,24468.6,67.20454713640082,28.827751196172247
483,C2684,24380.76,67.25783093864396,28.88755980861244
484,C2908,24359.75,67.31106882383264,28.94736842105263
485,C1944,24176.28,67.36390573796062,29.007177033492823
486,C2955,24135.19,67.41665285048136,29.066985645933013
487,C2394,24105.84,67.4693358189969,29.126794258373206
488,C1629,24093.12,67.52199098813439,29.1866028708134
489,C1922,24068.76,67.57459291884031,29.24641148325359
490,C2942,24045.7,67.62714445224609,29.30622009569378
491,C2617,23984.04,67.67956122860383,29.36602870813397
492,C1447,23964.24,67.73193473234477,29.425837320574164
493,C3108,23929.83,67.78423303352292,29.485645933014354
494,C1207,23927.88,67.83652707300396,29.545454545454547
495,C2210,23919.37,67.88880251400174,29.605263157894736
496,C2198,23786.16,67.94078682644991,29.66507177033493
497,C3027,23752.56,67.99269770657868,29.72488038277512
498,C1859,23694.72,68.04448217821478,29.784688995215312
499,C2746,23688.6,68.09625327467845,29.8444976076555
500,C1123,23664.23,68.14797111085568,29.904306220095695
501,C1989,23640.84,68.19963782852247,29.964114832535884
502,C2081,23593.56,68.25120121642554,30.023923444976077
503,C2936,23592.42,68.30276211287493,30.083732057416267
504,C2794,23551.8,68.35423423489534,30.14354066985646
505,C2287,23539.68,68.40567986882911,30.20334928229665
506,C1807,23511.96,68.45706492109937,30.263157894736842
507,C2060,23474.52,68.50836814878517,30.322966507177032
508,C2662,23473.32,68.55966875388813,30.382775119617225
509,C1988,23438.52,68.61089330408888,30.442583732057415
510,C1424,23436.45,68.66211333033422,30.502392344497608
511,C2808,23425.92,68.71331034341517,30.5622009569378
512,C1800,23365.6,68.76437552799896,30.62200956937799
513,C2029,23290.2,68.81527592696122,30.681818181818183
514,C1235,23290.2,68.86617632592349,30.741626794258373
515,C1813,23286.03,68.91706761141042,30.801435406698566
516,C1188,23271.12,68.9679263113056,30.861244019138756
517,C2811,23170.13,69.01856429900033,30.92105263157895
518,C2625,23114.16,69.06907996506064,30.980861244019138
519,C2705,23092.2,69.11954763785505,31.04066985645933
520,C2390,23075.04,69.16997780771491,31.10047846889952
521,C3095,23052.17,69.22035799551693,31.160287081339714
522,C1130,22993.01,69.27060888998514,31.220095693779903
523,C1134,22975.63,69.32082180071195,31.279904306220097
524,C1260,22959.48,69.37099941584476,31.339712918660286
525,C1368,22944.15,69.42114352748185,31.39952153110048
526,C2965,22921.7,69.47123857496506,31.45933014354067
527,C1173,22919.52,69.52132885808945,31.519138755980862
528,C1142,22919.52,69.57141914121384,31.57894736842105
529,C2661,22919.52,69.62150942433824,31.638755980861244
530,C1597,22919.52,69.67159970746263,31.698564593301434
531,C1427,22919.52,69.72168999058702,31.758373205741627
532,C1889,22918.2,69.7717773888703,31.818181818181817
533,C2756,22883.64,69.82178925676791,31.87799043062201
534,C1738,22869.48,69.87177017818807,31.9377990430622
535,C1838,22859.4,69.9217290699124,31.997607655502392
536,C2817,22846.32,69.97165937548384,32.057416267942585
537,C1178,22843.08,70.0215826000816,32.11722488038278
538,C2069,22834.8,70.0714877288578,32.177033492822964
539,C1401,22830.48,70.12138341633582,32.23684210526316
540,C1171,22784.64,70.1711789211495,32.29665071770335
541,C1245,22784.34,70.22097377031749,32.356459330143544
542,C2109,22779.0,70.27075694899185,32.41626794258373
543,C2725,22770.84,70.32052229410293,32.47607655502392
544,C2457,22766.16,70.37027741114095,32.535885167464116
545,C1987,22753.8,70.42000551557577,32.59569377990431
546,C1537,22736.76,70.46969637933431,32.655502392344495
547,C1039,22732.32,70.51937753953638,32.71531100478469
548,C1956,22727.61,70.5690484061008,32.77511961722488
549,C1877,22700.28,70.61865954334115,32.834928229665074
550,C1460,22697.04,70.66826359960785,32.89473684210526
551,C1580,22689.0,70.71785008456955,32.95454545454545
552,C1151,22677.0,70.7674103437029,33.014354066985646
553,C1827,22649.76,70.81691107020588,33.07416267942584
554,C1467,22639.54,70.86638946104505,33.133971291866025
555,C1461,22638.48,70.91586553526938,33.19377990430622
556,C2713,22629.64,70.96532228980016,33.25358851674641
557,C2088,22594.8,71.01470290200926,33.313397129186605
558,C2238,22566.96,71.0640226702966,33.3732057416268
559,C2465,22556.66,71.11331992808125,33.433014354066984
560,C2468,22530.0,71.16255892081726,33.49282296650718
561,C2899,22529.74,71.21179734532699,33.55263157894737
562,C1676,22518.96,71.26101221030089,33.61244019138756
563,C1721,22510.92,71.3102095039698,33.67224880382775
564,C1603,22488.48,71.3593577553397,33.73205741626794
565,C1247,22475.32,71.40847724571783,33.791866028708135
566,C2241,22468.2,71.4575811754378,33.85167464114833
567,C2851,22459.24,71.50666552320594,33.911483253588514
568,C2694,22422.24,71.5556690080033,33.97129186602871
569,C2730,22416.48,71.60465990440308,34.0311004784689
570,C2542,22411.56,71.6536400482132,34.09090909090909
571,C1590,22399.9,71.70259470926013,34.15071770334928
572,C2382,22379.76,71.75150535462512,34.21052631578947
573,C3002,22366.87,71.8003878290795,34.270334928229666
574,C1478,22355.28,71.84924497375467,34.33014354066986
575,C1630,22325.4,71.8980368161172,34.389952153110045
576,C2208,22323.96,71.94682551138037,34.44976076555024
577,C1879,22301.4,71.99556490208619,34.50956937799043
578,C1866,22287.6,72.04427413308943,34.569377990430624
579,C1063,22278.0,72.09296238342999,34.62918660287081
580,C2320,22267.63,72.14162797028386,34.688995215311
581,C1204,22252.43,72.19026033775515,34.748803827751196
582,C1571,22246.8,72.23888040094198,34.80861244019139
583,C1754,22237.2,72.28747948346613,34.86842105263158
584,C2655,22233.36,72.3360701737252,34.92822966507177
585,C1789,22233.12,72.3846603394677,34.98803827751196
586,C2546,22230.84,72.43324552230281,35.047846889952154
587,C1540,22228.44,72.48182545997227,35.10765550239235
588,C2844,22195.08,72.53033248983888,35.16746411483253
589,C1077,22182.72,72.5788125071023,35.22727272727273
590,C1321,22175.72,72.62727722596584,35.28708133971292
591,C1174,22166.71,72.67572225360325,35.34688995215311
592,C2098,22161.59,72.72415609155391,35.4066985645933
593,C2288,22138.0,72.77253837389698,35.46650717703349
594,C2106,22129.02,72.82090103057851,35.526315789473685
595,C2779,22108.32,72.86921844770613,35.58612440191388
596,C1584,22093.8,72.91750413158142,35.645933014354064
597,C2105,22081.68,72.9657633273701,35.70574162679426
598,C3059,22065.6,73.01398738054877,35.76555023923445
599,C1291,22047.12,73.06217104595179,35.82535885167464
600,C1132,22046.53,73.11035342191823,35.88516746411483
601,C1103,22041.0,73.15852371214878,35.94497607655502
602,C1702,22034.28,73.20667931591544,36.004784688995215
603,C2112,22032.36,73.25483072354957,36.06459330143541
604,C1122,22027.2,73.3029708540775,36.1244019138756
605,C1960,21983.88,73.35101630936508,36.18421052631579
606,C1652,21966.96,73.39902478623468,36.24401913875598
607,C2611,21944.16,73.4469834340304,36.303827751196174
608,C3114,21921.6,73.49489277726882,36.36363636363637
609,C2825,21894.24,73.54274232561858,36.42344497607655
610,C1820,21877.14,73.59055450216295,36.483253588516746
611,C1941,21847.2,73.63830124526557,36.54306220095694
612,C1500,21841.57,73.6860356840837,36.60287081339713
613,C2204,21836.52,73.7337590861991,36.66267942583732
614,C2921,21834.27,73.78147757097167,36.72248803827751
615,C1812,21803.88,73.82912963883393,36.782296650717704
616,C2215,21802.35,73.87677836290308,36.8421052631579
617,C2870,21799.92,73.92442177624199,36.90191387559808
618,C2535,21765.94,73.97199092677691,36.961722488038276
619,C2939,21752.97,74.01953173156237,37.02153110047847
620,C3103,21746.69,74.06705881149766,37.08133971291866
621,C1554,21735.84,74.11456217891315,37.14114832535885
622,C2529,21734.61,74.16206285818122,37.20095693779904
623,C1403,21718.68,74.20952872266216,37.260765550239235
624,C2734,21716.76,74.25699039101056,37.32057416267943
625,C1297,21708.24,74.30443343902083,37.380382775119614
626,C2302,21683.66,74.35182276779267,37.44019138755981
627,C2240,21669.24,74.39918058186079,37.5
628,C1349,21628.32,74.44644896585422,37.55980861244019
629,C1711,21627.49,74.49371553589451,37.619617224880386
630,C1225,21611.76,74.54094772824482,37.67942583732057
631,C2853,21611.5,74.58817935236883,37.739234449760765
632,C2199,21610.95,74.63540977447572,37.79904306220096
633,C2319,21604.74,74.68262662471642,37.85885167464115
634,C2869,21596.33,74.72982509502243,37.91866028708134
635,C2733,21581.97,74.77699218175383,37.97846889952153
636,C1391,21578.28,74.82415120404302,38.038277511961724
637,C2554,21530.18,74.87120510447022,38.09808612440192
638,C1798,21524.64,74.91824689730666,38.1578947368421
639,C1384,21512.88,74.96526298883131,38.217703349282296
640,C2258,21495.0,75.01224000387171,38.27751196172249
641,C1471,21485.15,75.05919549187801,38.33732057416268
642,C1727,21484.7,75.10614999641575,38.39712918660287
643,C1257,21411.36,75.15294421743252,38.45693779904306
644,C2193,21405.48,75.1997255877934,38.516746411483254
645,C2739,21394.68,75.24648335490876,38.57655502392345
646,C1742,21382.36,75.29321419684034,38.63636363636363
647,C2124,21377.16,75.33993367424628,38.696172248803826
648,C2299,21373.8,75.3866458084203,38.75598086124402
649,C2169,21356.52,75.4333201774015,38.81578947368421
650,C1281,21335.76,75.47994917569963,38.8755980861244
651,C1667,21331.8,75.5265695194744,38.93540669856459
652,C2375,21305.04,75.57313137965195,38.995215311004785
653,C2666,21293.88,75.61966884980913,39.05502392344498
654,C2071,21250.3,75.66611107649967,39.11483253588517
655,C3132,21232.92,75.71251531944881,39.17464114832536
656,C1217,21214.32,75.758878912364,39.23444976076555
657,C1222,21196.08,75.80520264202009,39.29425837320574
658,C2644,21186.02,75.85150438569006,39.354066985645936
659,C1306,21181.08,75.89779533306071,39.41387559808612
660,C1642,21169.51,75.94406099436185,39.473684210526315
661,C1971,21152.8,75.990290136197,39.53349282296651
662,C2278,21134.88,76.0364801141285,39.5933014354067
663,C1416,21122.04,76.08264203042361,39.65311004784689
664,C2396,21112.16,76.12878235412008,39.71291866028708
665,C2463,21109.68,76.174917257812,39.77272727272727
666,C2482,21093.58,76.22101697518423,39.83253588516747
667,C1995,21091.08,76.26711122884221,39.89234449760765
668,C2483,21059.64,76.3131367708299,39.952153110047846
669,C2784,21045.48,76.35913136634014,40.01196172248804
670,C2540,21030.0,76.40509213053178,40.07177033492823
671,C2063,21006.72,76.45100201661644,40.13157894736842
672,C2160,20979.33,76.49685204224787,40.19138755980861
673,C2327,20973.36,76.54268902052968,40.251196172248804
674,C2486,20968.0,76.58851428460818,40.311004784689
675,C3008,20966.88,76.6343371009427,40.37081339712919
676,C1860,20962.56,76.68015047597902,40.430622009569376
677,C2245,20958.38,76.7259547156851,40.49043062200957
678,C3110,20941.88,76.77172289487723,40.55023923444976
679,C2009,20936.49,76.81747929430144,40.610047846889955
680,C2659,20902.8,76.86316206471253,40.66985645933014
681,C2515,20824.73,76.90867421425531,40.729665071770334
682,C2958,20811.22,76.95415683788636,40.78947368421053
683,C1480,20809.81,76.99963637998256,40.84928229665072
684,C1993,20756.89,77.04500026617572,40.90909090909091
685,C1117,20743.03,77.09033386153713,40.9688995215311
686,C2826,20701.08,77.13557577577359,41.02870813397129
687,C2962,20653.26,77.18071318008406,41.088516746411486
688,C2572,20652.45,77.2258488141511,41.14832535885167
689,C1737,20602.49,77.27087526135277,41.208133971291865
690,C1449,20539.19,77.31576336730986,41.26794258373206
691,C1751,20501.36,77.36056879634306,41.32775119617225
692,C3143,20496.13,77.4053627952861,41.38755980861244
693,C2335,20423.34,77.44999771272528,41.44736842105263
694,C1502,20397.98,77.4945772062472,41.50717703349282
695,C2253,20386.36,77.53913130442533,41.566985645933016
696,C1007,20354.76,77.58361634125546,41.6267942583732
697,C1582,20268.72,77.6279133388963,41.686602870813395
698,C1690,20147.73,77.67194591462274,41.74641148325359
699,C2891,20100.92,77.71587618776375,41.80622009569378
700,C1567,20079.33,77.75975927626858,41.866028708133975
701,C2984,19943.21,77.80334487646043,41.92583732057416
702,C2970,19886.36,77.84680623179045,41.985645933014354
703,C2558,19811.42,77.89010380682242,42.04545454545455
704,C1883,19745.62,77.93325757689554,42.10526315789474
705,C2469,19681.44,77.9762710824967,42.165071770334926
706,C2945,19665.95,78.01925073492443,42.22488038277512
707,C2802,19524.36,78.06192094443242,42.28468899521531
708,C2816,19510.98,78.10456191214178,42.344497607655505
709,C2968,19509.41,78.14719944863862,42.40430622009569
710,C1624,19505.8,78.18982909553206,42.464114832535884
711,C2039,19488.36,78.232420627555,42.52392344497608
712,C1553,19373.68,78.27476152807827,42.58373205741627
713,C2889,19294.72,78.31692986265098,42.643540669856456
714,C2084,19202.08,78.35889573382879,42.70334928229665
715,C2736,19132.12,78.40070870842729,42.76315789473684
716,C2342,19073.16,78.44239282678913,42.822966507177036
717,C2969,19058.85,78.48404567085068,42.88277511961722
718,C2900,18940.96,78.52544086800349,42.942583732057415
719,C3126,18901.59,78.56675002258444,43.00239234449761
720,C3094,18877.64,78.60800683478298,43.0622009569378
721,C2271,18869.4,78.64924563857937,43.122009569377994
722,C2879,18865.67,78.69047629051411,43.18181818181818
723,C2902,18779.98,78.73151966817954,43.24162679425837
724,C2085,18763.43,78.7725268760567,43.301435406698566
725,C3156,18693.5,78.81338125291913,43.36124401913876
726,C1782,18642.81,78.85412484751161,43.421052631578945
727,C1086,18318.1,78.89415879304367,43.48086124401914
728,C3148,18199.63,78.93393382408532,43.54066985645933
729,C2448,18190.06,78.97368794002882,43.600478468899524
730,C1324,18174.18,79.01340735045949,43.66028708133971
731,C2882,18153.28,79.0530810842391,43.7200956937799
732,C2901,18137.28,79.09271985024758,43.7799043062201
733,C2913,18098.93,79.13227480287959,43.83971291866029
734,C2918,18072.79,79.17177262691551,43.899521531100476
735,C3104,17969.31,79.21104429689159,43.95933014354067
736,C1897,17827.74,79.25000656765764,44.01913875598086
737,C1008,17805.66,79.28892058289952,44.078947368421055
738,C2460,17754.52,79.3277228324029,44.13875598086124
739,C2877,17700.95,79.36640800543755,44.198564593301434
740,C2909,17694.43,79.40507892910544,44.25837320574163
741,C2888,17626.2,79.4436007370843,44.31818181818182
742,C2845,17567.6,79.48199447560134,44.377990430622006
743,C3150,17563.68,79.52037964701445,44.4377990430622
744,C2931,17516.72,79.55866218801927,44.49760765550239
745,C2892,17466.53,79.596835039497,44.557416267942585
746,C2995,17432.56,79.63493365002562,44.61722488038278
747,C3034,17136.91,79.67238612170814,44.677033492822964
748,C2960,17130.69,79.70982499966964,44.73684210526316
749,C3001,17031.77,79.74704768938608,44.79665071770335
750,C2905,16856.03,79.78388630184625,44.856459330143544
751,C2307,16807.6,79.82061907123416,44.91626794258373
752,C2906,16804.02,79.8573440165833,44.97607655502392
753,C1181,16720.64,79.89388673613506,45.035885167464116
754,C3013,16642.24,79.93025811360825,45.09569377990431
755,C2932,16612.74,79.9665650192534,45.155502392344495
756,C1277,16589.64,80.00282144017895,45.21531100478469
757,C1420,16589.64,80.0390778611045,45.27511961722488
758,C2437,16589.64,80.07533428203007,45.334928229665074
759,C2946,16465.38,80.11131913450302,45.39473684210526
760,C2976,16454.65,80.14728053671445,45.45454545454545
761,C2642,16433.54,80.18319580332282,45.514354066985646
762,C2907,16388.52,80.21901267936516,45.57416267942584
763,C3003,16209.44,80.25443817862902,45.633971291866025
764,C1826,16192.68,80.2898270491526,45.69377990430622
765,C1121,16180.17,80.32518857925012,45.75358851674641
766,C1439,16178.4,80.36054624103797,45.813397129186605
767,C2740,16178.4,80.3959039028258,45.8732057416268
768,C2055,16178.4,80.43126156461364,45.933014354066984
769,C1694,16178.4,80.46661922640149,45.99282296650718
770,C2466,16178.4,80.50197688818932,46.05263157894737
771,C2212,16178.4,80.53733454997716,46.11244019138756
772,C1563,16178.4,80.572692211765,46.17224880382775
773,C2910,16166.42,80.6080236914342,46.23205741626794
774,C1120,16110.0,80.64323186600042,46.291866028708135
775,C2919,16102.85,80.67842441434392,46.35167464114833
776,C1119,16098.84,80.71360819888977,46.411483253588514
777,C2949,16073.31,80.74873618798581,46.47129186602871
778,C1831,16070.04,80.78385703054361,46.5311004784689
779,C2847,15996.0,80.81881605974047,46.59090909090909
780,C2929,15954.28,80.85368391047407,46.65071770334928
781,C2536,15932.76,80.88850472955548,46.71052631578947
782,C3163,15841.92,80.92312701911627,46.770334928229666
783,C2191,15837.48,80.95773960512054,46.83014354066986
784,C1773,15784.56,80.99223653522179,46.889952153110045
785,C2474,15762.48,81.02668520979886,46.94976076555024
786,C1251,15761.52,81.06113178630966,47.00956937799043
787,C3102,15698.73,81.09544113617358,47.069377990430624
788,C2556,15668.16,81.12968367573977,47.12918660287081
789,C1946,15639.12,81.16386274880135,47.188995215311
790,C1797,15593.64,81.19794242597347,47.248803827751196
791,C1780,15580.2,81.23199273021783,47.30861244019139
792,C2323,15578.4,81.26603910058793,47.36842105263158
793,C2927,15558.17,81.30004125858241,47.42822966507177
794,C2695,15504.36,81.33392581559157,47.48803827751196
795,C2197,15504.36,81.36781037260073,47.547846889952154
796,C2243,15504.36,81.40169492960987,47.60765550239235
797,C2576,15504.36,81.43557948661903,47.66746411483253
798,C2537,15504.36,81.4694640436282,47.72727272727273
799,C1894,15504.36,81.50334860063735,47.78708133971292
800,C1143,15504.36,81.5372331576465,47.84688995215311
801,C1699,15504.36,81.57111771465566,47.9066985645933
802,C1957,15504.36,81.60500227166482,47.96650717703349
803,C2458,15504.36,81.63888682867398,48.026315789473685
804,C1525,15504.36,81.67277138568313,48.08612440191388
805,C2034,15504.36,81.7066559426923,48.145933014354064
806,C1977,15504.36,81.74054049970145,48.20574162679426
807,C2627,15504.36,81.7744250567106,48.26555023923445
808,C1231,15504.36,81.80830961371976,48.32535885167464
809,C2337,15504.36,81.84219417072892,48.38516746411483
810,C2837,15504.36,81.87607872773806,48.44497607655502
811,C1261,15504.36,81.90996328474722,48.504784688995215
812,C2183,15504.36,81.94384784175638,48.56459330143541
813,C1326,15504.36,81.97773239876554,48.6244019138756
814,C1507,15503.76,82.01161564448327,48.68421052631579
815,C1763,15495.36,82.04548053212116,48.74401913875598
816,C2924,15491.6,82.07933720233285,48.803827751196174
817,C1898,15490.26,82.11319094399367,48.86363636363637
818,C1612,15488.16,82.14704009613455,48.92344497607655
819,C1138,15482.4,82.18087665987781,48.983253588516746
820,C2688,15474.24,82.21469539005781,49.04306220095694
821,C1665,15471.48,82.24850808829727,49.10287081339713
822,C2151,15471.0,82.2823197375036,49.16267942583732
823,C2148,15464.04,82.31611617572949,49.22248803827751
824,C2142,15456.36,82.34989582942522,49.282296650717704
825,C2801,15455.76,82.38367417182953,49.3421052631579
826,C2672,15452.28,82.41744490874363,49.40191387559808
827,C2230,15450.96,82.45121276081662,49.461722488038276
828,C2790,15449.28,82.48497694127363,49.52153110047847
829,C1837,15446.76,82.51873561430668,49.58133971291866
830,C1937,15430.92,82.55245966924632,49.64114832535885
831,C2565,15423.6,82.58616772643065,49.70095693779904
832,C1363,15416.76,82.6198608348928,49.760765550239235
833,C1310,15391.92,82.65349965589029,49.82057416267943
834,C2626,15389.4,82.6871329694638,49.880382775119614
835,C1341,15373.92,82.72073245171875,49.94019138755981
836,C1733,15373.2,82.75433036042399,50.0
837,C2698,15365.28,82.78791096008253,50.05980861244019
838,C1808,15363.96,82.82148867489992,50.119617224880386
839,C1619,15363.6,82.85506560294249,50.17942583732057
840,C2839,15351.0,82.88861499386527,50.239234449760765
841,C1512,15347.04,82.92215573026469,50.29904306220096
842,C1373,15339.12,82.95567915761741,50.35885167464115
843,C2248,15337.2,82.9891983888376,50.41866028708134
844,C1444,15333.81,83.02271021126127,50.47846889952153
845,C1718,15331.32,83.05621659182555,50.538277511961724
846,C2005,15328.24,83.08971624109388,50.59808612440192
847,C2545,15327.12,83.12321344261824,50.6578947368421
848,C1947,15316.68,83.15668782767193,50.717703349282296
849,C2712,15309.72,83.19014700174516,50.77751196172249
850,C1976,15309.12,83.22360486452699,50.83732057416268
851,C2613,15299.16,83.25704095987128,50.89712918660287
852,C2765,15298.92,83.29047653069901,50.95693779904306
853,C1410,15297.84,83.32390974120219,51.016746411483254
854,C1955,15295.44,83.35733770653968,51.07655502392345
855,C2434,15295.44,83.39076567187718,51.13636363636363
856,C1821,15292.8,83.42418786753244,51.196172248803826
857,C1936,15288.0,83.45759957285637,51.25598086124402
858,C2381,15278.88,83.49099134655073,51.31578947368421
859,C1774,15278.04,83.52438128443713,51.3755980861244
860,C2855,15277.8,83.55777069780693,51.43540669856459
861,C2225,15274.56,83.5911530302031,51.495215311004785
862,C2868,15273.48,83.6245330022747,51.55502392344498
863,C1031,15269.76,83.65790484433953,51.61483253588517
864,C1483,15263.52,83.69126304897361,51.67464114832536
865,C1692,15260.16,83.72461391037575,51.73444976076555
866,C1934,15258.6,83.7579613624202,51.79425837320574
867,C1301,15249.84,83.79128966960997,51.854066985645936
868,C1849,15246.84,83.82461142034263,51.91387559808612
869,C2050,15243.48,83.85792582784336,51.973684210526315
870,C2947,15242.87,83.8912389021978,52.03349282296651
871,C1766,15242.52,83.92455121163226,52.0933014354067
872,C1904,15242.52,83.95786352106673,52.15311004784689
873,C2485,15232.92,83.99115484983851,52.21291866028708
874,C1610,15230.76,84.02444145796117,52.27272727272727
875,C1227,15213.48,84.05769030089101,52.33253588516747
876,C1323,15195.84,84.09090059185317,52.39234449760765
877,C1589,15185.28,84.12408780408639,52.452153110047846
878,C2719,15184.92,84.15727422954474,52.51196172248804
879,C2559,15174.24,84.19043731401587,52.57177033492823
880,C1028,15173.64,84.22359908719557,52.63157894736842
881,C2964,15172.15,84.25675760400156,52.69138755980861
882,C1317,15163.8,84.28989787200202,52.751196172248804
883,C2920,15162.71,84.32303575782306,52.811004784689
884,C1318,15161.64,84.35617130517441,52.87081339712919
885,C1885,15158.52,84.38930003381039,52.930622009569376
886,C2480,15154.08,84.42241905888987,52.99043062200957
887,C2487,15147.24,84.45552313524719,53.05023923444976
888,C2368,15143.04,84.48861803256459,53.110047846889955
889,C1722,15137.16,84.52170007922608,53.16985645933014
890,C1926,15127.8,84.55476166974147,53.229665071770334
891,C2444,15127.08,84.58782168670714,53.28947368421053
892,C1664,15109.92,84.62084420073829,53.34928229665072
893,C1923,15103.2,84.65385202830555,53.40909090909091
894,C2602,15100.32,84.68685356167401,53.4688995215311
895,C2250,15098.28,84.71985063665164,53.52870813397129
896,C2138,15097.2,84.75284535130473,53.588516746411486
897,C2573,15095.16,84.78583560756698,53.64832535885167
898,C1992,15094.44,84.81882429027955,53.708133971291865
899,C2673,15088.44,84.85179986007792,53.76794258373206
900,C1279,15086.76,84.88477175826033,53.82775119617225
901,C2155,15083.16,84.91773578869423,53.88755980861244
902,C2560,15080.16,84.95069326267104,53.94736842105263
903,C2037,15073.68,84.98363657470054,54.00717703349282
904,C2806,15072.72,85.01657778866378,54.066985645933016
905,C1253,15058.2,85.04948726937472,54.1267942583732
906,C1870,15058.08,85.08239648782735,54.186602870813395
907,C3040,15054.9,85.11529875643548,54.24641148325359
908,C2217,15053.64,85.14819827133164,54.30622009569378
909,C2951,15046.04,85.18108117653651,54.366028708133975
910,C2563,15044.16,85.21395997302825,54.42583732057416
911,C2497,15034.2,85.24681700208248,54.485645933014354
912,C1683,15028.56,85.27966170499737,54.54545454545455
913,C1648,15021.96,85.31249198370666,54.60526315789474
914,C2841,15010.56,85.34529734787904,54.665071770334926
915,C2616,15006.12,85.3780930084949,54.72488038277512
916,C2675,15003.0,85.4108818503954,54.78468899521531
917,C1739,15002.28,85.4436691187462,54.844497607655505
918,C1019,15002.04,85.47645586258042,54.90430622009569
919,C2001,15001.32,85.50924103286495,54.964114832535884
920,C2587,14999.28,85.54202174475866,55.02392344497608
921,C2804,14995.08,85.57479327761244,55.08373205741627
922,C1825,14992.56,85.60755930304228,55.143540669856456
923,C2833,14992.44,85.6403250662138,55.20334928229665
924,C1489,14992.08,85.67309004261051,55.26315789473684
925,C2306,14988.96,85.70584820029183,55.322966507177036
926,C1845,14981.04,85.73858904892643,55.38277511961722
927,C1067,14970.36,85.7713065565738,55.442583732057415
928,C2789,14962.32,85.80400649291619,55.50239234449761
929,C1413,14961.48,85.83670459345056,55.5622009569378
930,C2581,14961.12,85.8694019072101,55.622009569377994
931,C2953,14954.35,85.90208442523148,55.68181818181818
932,C1805,14951.16,85.93475997155348,55.74162679425837
933,C2566,14946.24,85.96742476528586,55.801435406698566
934,C1734,14940.24,86.00007644610406,55.86124401913876
935,C2495,14935.08,86.03271684981607,55.921052631578945
936,C1421,14934.96,86.0653569912698,55.98086124401914
937,C1528,14897.75,86.09791581080077,56.04066985645933
938,C1876,14896.68,86.13047229186203,56.100478468899524
939,C1448,14889.53,86.16301314670059,56.16028708133971
940,C1432,14867.76,86.19550642351552,56.2200956937799
941,C2355,14858.76,86.22798003095919,56.2799043062201
942,C2260,14852.76,86.26044052548869,56.33971291866029
943,C2149,14834.88,86.29286194353394,56.399521531100476
944,C1152,14830.2,86.32527313350613,56.45933014354067
945,C2067,14827.32,86.35767802927951,56.51913875598086
946,C2686,14819.28,86.3900653537479,56.578947368421055
947,C2040,14817.24,86.42244821982548,56.63875598086124
948,C1623,14811.19,86.45481786371457,56.698564593301434
949,C1443,14811.0,86.4871870923614,56.75837320574163
950,C2195,14807.4,86.5195484532597,56.81818181818182
951,C1351,14804.88,86.55190430673407,56.877990430622006
952,C2948,14793.6,86.58423550792979,56.9377990430622
953,C2405,14793.24,86.61656592235065,56.99760765550239
954,C2761,14790.0,86.64888925579784,57.057416267942585
955,C2207,14783.64,86.68119868955601,57.11722488038278
956,C2054,14783.16,86.71350707428105,57.177033492822964
957,C1267,14778.12,86.74580444415817,57.23684210526316
958,C2585,14774.16,86.77809315951194,57.29665071770335
959,C2423,14753.4,86.81033650418266,57.356459330143544
960,C1206,14752.92,86.84257879982025,57.41626794258373
961,C1145,14746.8,86.87480772028536,57.47607655502392
962,C2610,14732.16,86.90700464523988,57.535885167464116
963,C2025,14731.92,86.93920104567785,57.59569377990431
964,C2397,14730.72,86.97139482353298,57.655502392344495
965,C2200,14729.16,87.00358519203041,57.71531100478469
966,C2774,14727.84,87.03577267568674,57.77511961722488
967,C2743,14727.72,87.06795989708478,57.834928229665074
968,C2211,14722.8,87.10013636589319,57.89473684210526
969,C2136,14713.08,87.13229159178063,57.95454545454545
970,C2836,14691.96,87.16440066021018,58.014354066985646
971,C2340,14688.6,87.19650238540778,58.07416267942584
972,C2854,14687.04,87.2286007012477,58.133971291866025
973,C1529,14682.84,87.2606898380477,58.19377990430622
974,C2759,14662.32,87.2927341286812,58.25358851674641
975,C2119,14655.36,87.32476320833426,58.313397129186605
976,C1289,14654.52,87.35679045217934,58.3732057416268
977,C1001,14654.09,87.38881675626558,58.433014354066984
978,C1744,14651.4,87.42083718139529,58.49282296650718
979,C2760,14646.48,87.45284685393536,58.55263157894737
980,C1242,14646.48,87.48485652647543,58.61244019138756
981,C2638,14638.92,87.51684967674365,58.67224880382775
982,C2857,14624.88,87.54881214279268,58.73205741626794
983,C1895,14620.8,87.58076569206008,58.791866028708135
984,C1768,14620.56,87.61271871681092,58.85167464114833
985,C1682,14609.76,87.64464813831623,58.911483253588514
986,C1715,14608.32,87.67657441272213,58.97129186602871
987,C1226,14596.56,87.70847498581627,59.0311004784689
988,C3018,14592.3,87.74036624874132,59.09090909090909
989,C2073,14576.28,87.77222250018552,59.15071770334928
990,C2220,14561.04,87.80404544482771,59.21052631578947
991,C1440,14552.52,87.83584976913178,59.270334928229666
992,C2435,14545.08,87.86763783342225,59.33014354066986
993,C2080,14543.28,87.89942196383848,59.389952153110045
994,C2508,14534.52,87.93118694940001,59.44976076555024
995,C1882,14521.56,87.96292361106694,59.50956937799043
996,C2569,14518.68,87.99465397853504,59.569377990430624
997,C1172,14501.28,88.02634631855203,59.62918660287081
998,C1687,14496.96,88.0580292172708,59.688995215311
999,C2766,14489.88,88.08969664275087,59.748803827751196
1000,C1969,14475.24,88.12133207272032,59.80861244019139
1001,C2941,14473.98,88.15296474897778,59.86842105263158
1002,C1241,14425.92,88.18449239079271,59.92822966507177
1003,C2031,14408.3,88.21598152434966,59.98803827751196
1004,C2171,14405.16,88.24746379548151,60.047846889952154
1005,C1332,14404.32,88.2789442308054,60.10765550239235
1006,C1691,14398.32,88.3104115532151,60.16746411483253
1007,C3006,14396.24,88.34187432981456,60.22727272727273
1008,C1179,14373.6,88.37328762701785,60.28708133971292
1009,C1487,14362.32,88.40467627194249,60.34688995215311
1010,C2446,14348.04,88.43603370813139,60.4066985645933
1011,C1355,14347.08,88.46738904625401,60.46650717703349
1012,C1378,14346.24,88.49874254856866,60.526315789473685
1013,C2042,14344.2,88.53009159249248,60.58612440191388
1014,C2292,14337.6,88.56142621221072,60.645933014354064
1015,C1626,14323.2,88.59272936093492,60.70574162679426
1016,C2589,14320.08,88.62402569094375,60.76555023923445
1017,C1588,14296.2,88.65526983155416,60.82535885167464
1018,C1867,14257.2,88.68642873822242,60.88516746411483
1019,C2129,14257.2,88.71758764489067,60.94497607655502
1020,C2562,14257.2,88.74874655155894,61.004784688995215
1021,C2144,14257.2,88.77990545822719,61.06459330143541
1022,C1708,14257.2,88.81106436489544,61.1244019138756
1023,C1862,14257.2,88.84222327156371,61.18421052631579
1024,C2440,14257.2,88.87338217823196,61.24401913875598
1025,C2609,14257.2,88.90454108490022,61.303827751196174
1026,C2401,14257.2,88.93569999156848,61.36363636363637
1027,C2242,14224.2,88.96678677720875,61.42344497607655
1028,C1816,14212.33,88.99784762113381,61.483253588516746
1029,C1760,14212.33,89.02890846505888,61.54306220095694
1030,C2507,14212.33,89.05996930898392,61.60287081339713
1031,C2763,14212.33,89.09103015290898,61.66267942583732
1032,C1544,14212.33,89.12209099683405,61.72248803827751
1033,C1750,14178.72,89.15307838658485,61.782296650717704
1034,C2654,14168.52,89.18404348438158,61.8421052631579
1035,C2452,14144.16,89.21495534374671,61.90191387559808
1036,C1246,14143.2,89.24586510504561,61.961722488038276
1037,C1462,14136.12,89.27675939310575,62.02153110047847
1038,C2228,14133.35,89.30764762737051,62.08133971291866
1039,C1762,14131.48,89.33853177477704,62.14114832535885
1040,C2011,14130.49,89.36941375855272,62.20095693779904
1041,C2420,14126.88,89.40028785272504,62.260765550239235
1042,C1385,14123.76,89.43115512818198,62.32057416267943
1043,C2595,14116.63,89.46200682112593,62.380382775119614
1044,C2665,14115.12,89.49285521398645,62.44019138755981
1045,C1482,14071.35,89.52360794813806,62.5
1046,C2752,14067.46,89.55435218075031,62.55980861244019
1047,C3056,14049.79,89.58505779583031,62.619617224880386
1048,C1830,14040.0,89.61574201500534,62.67942583732057
1049,C2078,14034.48,89.64641417029932,62.739234449760765
1050,C3152,14022.1,89.67705926928039,62.79904306220096
1051,C1200,14009.71,89.70767729009368,62.85885167464115
1052,C2097,14007.96,89.738291486307,62.91866028708134
1053,C1352,14006.74,89.76890301622778,62.97846889952153
1054,C2349,14004.84,89.79951039372575,63.038277511961724
1055,C2283,13988.92,89.83008297829141,63.09808612440192
1056,C2347,13985.28,89.86064760768915,63.1578947368421
1057,C2800,13964.78,89.89116743463012,63.217703349282296
1058,C1096,13963.73,89.92168496681109,63.27751196172249
1059,C2433,13951.41,89.95217557380828,63.33732057416268
1060,C2993,13936.09,89.98263269916463,63.39712918660287
1061,C1269,13917.96,90.01305020166528,63.45693779904306
1062,C1515,13917.2,90.04346604319683,63.516746411483254
1063,C1543,13911.72,90.07386990826674,63.57655502392345
1064,C2082,13893.0,90.10423286104444,63.63636363636363
1065,C1924,13886.52,90.13458165187481,63.696172248803826
1066,C1791,13886.52,90.16493044270518,63.75598086124402
1067,C1078,13886.52,90.19527923353557,63.81578947368421
1068,C2111,13886.52,90.22562802436595,63.8755980861244
1069,C2473,13886.52,90.25597681519633,63.93540669856459
1070,C2676,13886.52,90.28632560602672,63.995215311004785
1071,C1991,13886.52,90.3166743968571,64.05502392344498
1072,C1927,13871.52,90.34699040540202,64.11483253588517
1073,C2461,13863.6,90.37728910490024,64.17464114832536
1074,C1129,13846.56,90.40755056372221,64.23444976076556
1075,C1082,13834.68,90.43778605897408,64.29425837320574
1076,C2978,13808.53,90.46796440377501,64.35406698564593
1077,C1276,13803.84,90.49813249864803,64.41387559808612
1078,C1786,13798.32,90.52828852964,64.47368421052632
1079,C1925,13791.0,90.55842856287667,64.53349282296651
1080,C1753,13786.68,90.58855915481513,64.5933014354067
1081,C1911,13769.28,90.61865171930248,64.6531100478469
1082,C1627,13768.68,90.64874297249841,64.71291866028709
1083,C1836,13765.44,90.67882714472069,64.77272727272727
1084,C1456,13751.28,90.7088803704655,64.83253588516746
1085,C1524,13748.4,90.7389273020115,64.89234449760765
1086,C1746,13743.73,90.76896402733931,64.95215311004785
1087,C2842,13729.87,90.79897046183535,65.01196172248804
1088,C2464,13704.79,90.82892208435015,65.07177033492823
1089,C2709,13684.66,90.85882971303788,65.13157894736842
1090,C2914,13673.06,90.88871199009155,65.19138755980862
1091,C1430,13669.44,90.91858635568697,65.2511961722488
1092,C2176,13667.88,90.94845731192473,65.31100478468899
1093,C1220,13666.32,90.9783248588048,65.37081339712918
1094,C2030,13664.2,91.00818777245519,65.43062200956938
1095,C1354,13662.0,91.03804587803704,65.49043062200957
1096,C1387,13641.98,91.06786023019527,65.55023923444976
1097,C1717,13634.28,91.09765775411361,65.61004784688996
1098,C1394,13606.8,91.12739522088503,65.66985645933015
1099,C1973,13600.92,91.15711983700056,65.72966507177034
1100,C1669,13587.68,91.18681551728548,65.78947368421052
1101,C1621,13586.16,91.21650787563213,65.84928229665071
1102,C2538,13544.64,91.24610949261267,65.9090909090909
1103,C2561,13532.28,91.27568409699002,65.9688995215311
1104,C1510,13527.96,91.30524926006916,66.02870813397129
1105,C2010,13517.13,91.3347907543382,66.08851674641149
1106,C2999,13501.43,91.36429793648182,66.14832535885168
1107,C1785,13498.92,91.39379963305633,66.20813397129187
1108,C1943,13497.0,91.42329713349831,66.26794258373205
1109,C2555,13495.68,91.45279174909918,66.32775119617224
1110,C1182,13488.6,91.48227089146131,66.38755980861244
1111,C2203,13453.3,91.51167288617836,66.44736842105263
1112,C1244,13447.5,91.54106220507838,66.50717703349282
1113,C2103,13415.28,91.57038110762926,66.56698564593302
1114,C1183,13403.28,91.5996737843518,66.62679425837321
1115,C2090,13397.28,91.62895334816015,66.6866028708134
1116,C2017,13394.81,91.65822751381883,66.7464114832536
1117,C2056,13391.51,91.68749446737472,66.80622009569377
1118,C2251,13379.52,91.7167352169571,66.86602870813397
1119,C1446,13377.32,91.74597115847097,66.92583732057416
1120,C3064,13376.64,91.77520561385454,66.98564593301435
1121,C1509,13357.08,91.8043973211379,67.04545454545455
1122,C1546,13347.24,91.83356752324202,67.10526315789474
1123,C1896,13347.24,91.86273772534614,67.16507177033493
1124,C1118,13347.24,91.89190792745025,67.22488038277513
1125,C2590,13347.24,91.92107812955436,67.2846889952153
1126,C2957,13342.9,91.95023884665055,67.3444976076555
1127,C1013,13341.96,91.9793975093902,67.40430622009569
1128,C3012,13271.34,92.00840183312997,67.46411483253588
1129,C1024,13255.66,92.03737188845402,67.52392344497608
1130,C1252,13227.05,92.06627941703229,67.58373205741627
1131,C2863,13219.8,92.09517110083927,67.64354066985646
1132,C1334,13205.06,92.1240305705871,67.70334928229666
1133,C2214,13203.76,92.1528871992035,67.76315789473684
1134,C1088,13171.08,92.18167240614736,67.82296650717703
1135,C1549,13157.25,92.21042738782405,67.88277511961722
1136,C1398,13137.63,92.23913949027138,67.94258373205741
1137,C3158,13117.18,92.26780689953623,68.00239234449761
1138,C2592,13106.24,92.29645039958754,68.0622009569378
1139,C2985,13100.98,92.3250824039841,68.122009569378
1140,C1587,13070.09,92.3536468987275,68.18181818181819
1141,C2983,13065.42,92.38220118725272,68.24162679425838
1142,C2127,13064.74,92.41075398964765,68.30143540669856
1143,C2615,13056.93,92.43928972339928,68.36124401913875
1144,C1272,12999.25,92.46769939833597,68.42105263157895
1145,C2612,12997.8,92.49610590431838,68.48086124401914
1146,C2827,12927.53,92.52435883622094,68.54066985645933
1147,C2988,12869.37,92.55248466027538,68.60047846889952
1148,C3188,12828.38,92.58052090127116,68.66028708133972
1149,C2992,12800.55,92.60849632019999,68.72009569377991
1150,C2273,12764.51,92.63639297422434,68.77990430622009
1151,C1124,12756.9,92.66427299670254,68.83971291866028
1152,C3009,12721.46,92.69207556556766,68.89952153110048
1153,C2943,12713.84,92.71986148103178,68.95933014354067
1154,C3019,12708.0,92.74763463325945,69.01913875598086
1155,C1305,12707.1,92.77540581854998,69.07894736842105
1156,C2986,12660.03,92.8030741330288,69.13875598086125
1157,C1914,12657.5,92.8307369182288,69.19856459330144
1158,C2591,12640.9,92.85836342436623,69.25837320574162
1159,C2977,12616.87,92.88593741328238,69.31818181818181
1160,C2998,12564.16,92.91339620524748,69.377990430622
1161,C2987,12507.2,92.94073051194734,69.4377990430622
1162,C2016,12412.07,92.96785691339291,69.49760765550239
1163,C2012,12405.03,92.99496792901918,69.55741626794259
1164,C2813,12332.54,93.02192051878733,69.61722488038278
1165,C2887,12323.1,93.0488524775705,69.67703349282297
1166,C2819,12299.6,93.07573307743984,69.73684210526316
1167,C1622,12276.14,93.10256240581472,69.79665071770334
1168,C2749,12214.2,93.12925636520558,69.85645933014354
1169,C3038,11999.42,93.15548092597861,69.91626794258373
1170,C3060,11995.52,93.18169696335742,69.97607655502392
1171,C2367,11951.81,93.20781747315645,70.03588516746412
1172,C2226,11931.04,93.23389259041757,70.09569377990431
1173,C3101,11926.92,93.25995870347762,70.1555023923445
1174,C3023,11883.11,93.28592907040931,70.2153110047847
1175,C2878,11882.49,93.31189808233988,70.27511961722487
1176,C3054,11850.12,93.33779635009846,70.33492822966507
1177,C3043,11746.71,93.36346861678118,70.39473684210526
1178,C3028,11703.11,93.38904559628756,70.45454545454545
1179,C3032,11679.34,93.41457062679893,70.51435406698565
1180,C1345,11667.3,93.44006934406252,70.57416267942584
1181,C3184,11651.23,93.46553294057097,70.63397129186603
1182,C3111,11600.23,93.49088507730892,70.69377990430623
1183,C2701,11536.74,93.51609845756,70.7535885167464
1184,C2257,11500.44,93.54123250468032,70.8133971291866
1185,C2513,11422.53,93.56619628061004,70.87320574162679
1186,C2973,11411.48,93.59113590692282,70.93301435406698
1187,C3076,11383.42,93.61601420850698,70.99282296650718
1188,C3077,11321.3,93.64075674771966,71.05263157894737
1189,C3168,11277.64,93.66540386862687,71.11244019138756
1190,C3112,11241.26,93.68997148156444,71.17224880382776
1191,C2539,11129.4,93.71429462607202,71.23205741626795
1192,C1162,11103.6,93.73856138504865,71.29186602870813
1193,C1783,11099.62,93.7628194457922,71.35167464114832
1194,C2024,11098.8,93.78707571443749,71.41148325358851
1195,C2996,11059.13,93.81124528486521,71.47129186602871
1196,C2669,10942.56,93.83516009322533,71.5311004784689
1197,C2861,10942.38,93.859074508198,71.5909090909091
1198,C1948,10835.82,93.88275603781491,71.65071770334929
1199,C3055,10815.57,93.90639331134646,71.71052631578948
1200,C3036,10777.95,93.92994836690612,71.77033492822966
1201,C2972,10628.38,93.95317653937018,71.83014354066985
1202,C3086,10557.63,93.97625008872124,71.88995215311004
1203,C3069,10542.3,93.99929013457657,71.94976076555024
1204,C3063,10521.65,94.02228505015228,72.00956937799043
1205,C2438,10504.75,94.04524303101972,72.06937799043062
1206,C2674,10495.26,94.06818027162791,72.12918660287082
1207,C3129,10490.13,94.09110630069448,72.18899521531101
1208,C1761,10438.44,94.1139193620054,72.2488038277512
1209,C2838,10340.73,94.13651887950896,72.30861244019138
1210,C2333,10256.96,94.15893531887572,72.36842105263158
1211,C3021,10193.68,94.18121346070764,72.42822966507177
1212,C2586,10154.64,94.20340628117798,72.48803827751196
1213,C2997,10125.5,94.22553541659514,72.54784688995215
1214,C3089,10116.27,94.2476443799793,72.60765550239235
1215,C3124,10069.51,94.26965115005233,72.66746411483254
1216,C2885,10063.67,94.29164515688888,72.72727272727273
1217,C2432,10063.44,94.3136386610637,72.78708133971291
1218,C2820,10029.44,94.33555785872485,72.8468899521531
1219,C2782,9954.64,94.35731358205597,72.9066985645933
1220,C2738,9894.72,94.37893835108413,72.96650717703349
1221,C1203,9830.65,94.40042309604374,73.02631578947368
1222,C2135,9800.64,94.42184225457761,73.08612440191388
1223,C1459,9777.26,94.4432103164559,73.14593301435407
1224,C2762,9777.26,94.4645783783342,73.20574162679426
1225,C3170,9738.7,94.48586216788405,73.26555023923444
1226,C3075,9715.38,94.50709499190746,73.32535885167464
1227,C1089,9695.83,94.52828508968551,73.38516746411483
1228,C2797,9677.29,94.54943466855876,73.44497607655502
1229,C3117,9548.51,94.57030280058405,73.50478468899522
1230,C3047,9515.53,94.59109885529107,73.56459330143541
1231,C3074,9507.37,94.6118770764348,73.6244019138756
1232,C3113,9465.46,94.63256370387302,73.6842105263158
1233,C1315,9462.95,94.65324484574212,73.74401913875599
1234,C3096,9422.6,94.6738378032634,73.80382775119617
1235,C3078,9421.33,94.69442798521783,73.86363636363636
1236,C2895,9405.19,94.71498289343313,73.92344497607655
1237,C3031,9384.82,94.7354932833048,73.98325358851675
1238,C3024,9375.22,94.75598269251378,74.04306220095694
1239,C3050,9212.95,94.77611746295884,74.10287081339713
1240,C3046,9181.85,94.79618426479874,74.16267942583733
1241,C3093,9116.76,94.81610881337468,74.22248803827752
1242,C1908,9111.3,94.83602142919871,74.2822966507177
1243,C2324,9044.21,94.8557874207874,74.34210526315789
1244,C2372,9017.82,94.87549573740854,74.40191387559808
1245,C3007,8988.27,94.89513947292737,74.46172248803828
1246,C2727,8978.06,94.91476089463724,74.52153110047847
1247,C3087,8910.99,94.93423573582149,74.58133971291866
1248,C1266,8907.85,94.95370371458063,74.64114832535886
1249,C3037,8801.4,94.9729390483874,74.70095693779905
1250,C2254,8646.08,94.99183493255583,74.76076555023923
1251,C2656,8587.62,95.01060305323045,74.82057416267942
1252,C3123,8583.64,95.02936247567202,74.88038277511961
1253,C2332,8578.57,95.0481108177011,74.9401913875598
1254,C2896,8568.48,95.0668371081795,75.0
1255,C2975,8562.32,95.08554993606603,75.0598086124402
1256,C3015,8538.15,95.10420994076327,75.11961722488039
1257,C3079,8514.41,95.12281806203006,75.17942583732058
1258,C3071,8475.22,95.14134053411244,75.23923444976077
1259,C1463,8391.15,95.15967927241233,75.29904306220095
1260,C3066,8380.33,95.177994363757,75.35885167464114
1261,C3084,8336.53,95.19621373082818,75.41866028708134
1262,C2593,8253.44,95.21425150589285,75.47846889952153
1263,C2875,8252.85,95.23228799152095,75.53827751196172
1264,C3057,8211.86,95.25023489409037,75.59808612440192
1265,C3109,8153.71,95.26805471066655,75.65789473684211
1266,C1705,8136.31,95.28583649979163,75.7177033492823
1267,C3189,8077.63,95.30349004461605,75.77751196172248
1268,C3051,8056.06,95.32109644851401,75.83732057416267
1269,C3044,8028.87,95.33864342905588,75.89712918660287
1270,C3105,8000.62,95.35612866962681,75.95693779904306
1271,C2671,7988.26,95.37358689759455,76.01674641148325
1272,C3118,7848.81,95.39074035958195,76.07655502392345
1273,C3165,7815.87,95.40782183167053,76.13636363636364
1274,C2391,7765.68,95.424793614232,76.19617224880383
1275,C2450,7752.18,95.44173589273659,76.25598086124401
1276,C2459,7712.05,95.45859046770018,76.3157894736842
1277,C3131,7708.88,95.4754381146741,76.3755980861244
1278,C2917,7695.1,95.49225564565515,76.43540669856459
1279,C3140,7652.27,95.5089795722838,76.49521531100478
1280,C3136,7638.88,95.52567423525903,76.55502392344498
1281,C2803,7618.32,95.54232396464832,76.61483253588517
1282,C2728,7595.88,95.55892465173856,76.67464114832536
1283,C1293,7545.6,95.57541545260803,76.73444976076556
1284,C1573,7545.2,95.59190537928322,76.79425837320574
1285,C2893,7527.04,95.60835561753812,76.85406698564593
1286,C2950,7514.48,95.62477840609272,76.91387559808612
1287,C2690,7504.52,95.64117942720976,76.97368421052632
1288,C3119,7446.58,95.65745382128557,77.03349282296651
1289,C3161,7442.98,95.67372034761289,77.0933014354067
1290,C3080,7409.24,95.6899131356528,77.1531100478469
1291,C3099,7387.34,95.70605806155596,77.21291866028709
1292,C2938,7382.78,95.72219302164437,77.27272727272727
1293,C2898,7379.24,95.7383202451134,77.33253588516746
1294,C3142,7371.35,95.7544302251003,77.39234449760765
1295,C3149,7324.78,95.7704384270183,77.45215311004785
1296,C3122,7306.61,95.78640691866121,77.51196172248804
1297,C3130,7306.39,95.80237492949726,77.57177033492823
1298,C2305,7240.32,95.81819854529337,77.63157894736842
1299,C3125,7232.83,95.83400579180162,77.69138755980862
1300,C2915,7229.83,95.84980648185277,77.7511961722488
1301,C3138,7212.49,95.86556927558196,77.81100478468899
1302,C1618,7202.76,95.88131080453532,77.87081339712918
1303,C1377,7154.24,95.89694629372269,77.93062200956938
1304,C3121,7082.58,95.91242517100507,77.99043062200957
1305,C3052,7069.05,95.92787447866597,78.05023923444976
1306,C3033,7054.11,95.94329113517058,78.11004784688996
1307,C3155,7034.27,95.95866443163901,78.16985645933015
1308,C3151,6946.38,95.97384564576956,78.22966507177034
1309,C1696,6943.26,95.98902004118474,78.28947368421052
1310,C2922,6936.05,96.00417867924807,78.34928229665071
1311,C2930,6915.93,96.01929334533915,78.4090909090909
1312,C3098,6892.08,96.0343558875964,78.4688995215311
1313,C2959,6891.79,96.04941779606281,78.52870813397129
1314,C2414,6818.85,96.06432029520253,78.58851674641149
1315,C2979,6790.64,96.07916114179076,78.64832535885168
1316,C3162,6699.94,96.09380376482633,78.70813397129187
1317,C2934,6581.79,96.10818817272691,78.76794258373205
1318,C2928,6542.36,96.12248640692648,78.82775119617224
1319,C2429,6471.36,96.13662947164161,78.88755980861244
1320,C2754,6471.36,96.15077253635675,78.94736842105263
1321,C2500,6471.36,96.1649156010719,79.00717703349282
1322,C2604,6471.36,96.17905866578703,79.06698564593302
1323,C2648,6471.36,96.19320173050217,79.12679425837321
1324,C2778,6471.36,96.2073447952173,79.1866028708134
1325,C1558,6471.36,96.22148785993244,79.2464114832536
1326,C1343,6471.36,96.23563092464755,79.30622009569377
1327,C1259,6471.36,96.2497739893627,79.36602870813397
1328,C1978,6471.36,96.26391705407782,79.42583732057416
1329,C1503,6471.36,96.27806011879296,79.48564593301435
1330,C2074,6471.36,96.29220318350811,79.54545454545455
1331,C1243,6471.36,96.30634624822324,79.60526315789474
1332,C2026,6471.36,96.32048931293838,79.66507177033493
1333,C2643,6471.36,96.33463237765352,79.72488038277513
1334,C2840,6471.36,96.34877544236865,79.7846889952153
1335,C1854,6471.36,96.36291850708379,79.8444976076555
1336,C1128,6471.36,96.37706157179892,79.90430622009569
1337,C1562,6471.36,96.39120463651406,79.96411483253588
1338,C2047,6471.36,96.4053477012292,80.02392344497608
1339,C2792,6471.36,96.41949076594433,80.08373205741627
1340,C1263,6471.36,96.43363383065947,80.14354066985646
1341,C1887,6471.36,96.44777689537462,80.20334928229666
1342,C2520,6471.36,96.46191996008974,80.26315789473684
1343,C2607,6471.36,96.47606302480486,80.32296650717703
1344,C1386,6471.36,96.49020608952,80.38277511961722
1345,C1219,6471.36,96.50434915423514,80.44258373205741
1346,C2325,6471.36,96.51849221895027,80.50239234449761
1347,C2345,6471.36,96.53263528366541,80.5622009569378
1348,C2850,6471.36,96.54677834838056,80.622009569378
1349,C1115,6471.36,96.56092141309568,80.68181818181819
1350,C2658,6471.36,96.57506447781083,80.74162679425838
1351,C2618,6471.36,96.58920754252595,80.80143540669856
1352,C2518,6471.36,96.6033506072411,80.86124401913875
1353,C1127,6471.36,96.61749367195624,80.92105263157895
1354,C1216,6471.36,96.63163673667137,80.98086124401914
1355,C2588,6471.36,96.64577980138651,81.04066985645933
1356,C1632,6471.36,96.65992286610165,81.10047846889952
1357,C2707,6471.36,96.67406593081678,81.16028708133972
1358,C2753,6471.36,96.6882089955319,81.22009569377991
1359,C2374,6471.36,96.70235206024704,81.27990430622009
1360,C2596,6471.36,96.71649512496218,81.33971291866028
1361,C2350,6471.36,96.73063818967731,81.39952153110048
1362,C2493,6471.36,96.74478125439245,81.45933014354067
1363,C2015,6471.36,96.75892431910758,81.51913875598086
1364,C2052,6471.36,96.77306738382272,81.57894736842105
1365,C1396,6471.36,96.78721044853786,81.63875598086125
1366,C2772,6471.36,96.80135351325299,81.69856459330144
1367,C2102,6471.36,96.81549657796813,81.75837320574162
1368,C2525,6469.32,96.82963518429246,81.81818181818181
1369,C1848,6467.88,96.84377064351736,81.877990430622
1370,C1331,6454.68,96.85787725433109,81.9377990430622
1371,C1607,6453.12,96.87198045578712,81.99760765550239
1372,C1155,6449.28,96.88607526497809,82.05741626794259
1373,C2764,6448.68,96.90016876287764,82.11722488038278
1374,C1208,6445.8,96.91425596657838,82.17703349282297
1375,C1745,6445.56,96.92834264576256,82.23684210526316
1376,C2227,6443.88,96.94242565333076,82.29665071770334
1377,C2526,6441.84,96.95650420250816,82.35645933014354
1378,C2331,6438.96,96.97057645748674,82.41626794258373
1379,C1818,6434.88,96.98463979568368,82.47607655502392
1380,C1967,6432.96,96.99869893774809,82.53588516746412
1381,C1998,6432.84,97.0127578175542,82.59569377990431
1382,C2291,6432.84,97.02681669736035,82.6555023923445
1383,C1417,6431.76,97.0408732168419,82.7153110047847
1384,C1677,6429.6,97.05492501567437,82.77511961722487
1385,C2223,6429.12,97.0689757654737,82.83492822966507
1386,C2646,6427.8,97.08302363043188,82.89473684210526
1387,C2206,6426.36,97.09706834829069,82.95454545454545
1388,C1285,6424.08,97.11110808324212,83.01435406698565
1389,C1638,6418.92,97.12513654108734,83.07416267942584
1390,C1829,6418.32,97.13916368764114,83.13397129186603
1391,C1863,6413.4,97.15318008160533,83.19377990430623
1392,C2787,6409.08,97.16718703427131,83.2535885167464
1393,C1962,6405.84,97.18118690596363,83.3133971291866
1394,C2551,6405.24,97.19518546636453,83.37320574162679
1395,C1639,6404.76,97.2091829777323,83.43301435406698
1396,C2128,6404.04,97.22317891555036,83.49282296650718
1397,C2231,6402.24,97.23717091949418,83.55263157894737
1398,C2472,6400.56,97.25115925182205,83.61244019138756
1399,C1650,6398.64,97.26514338801735,83.67224880382776
1400,C2511,6397.08,97.27912411485495,83.73205741626795
1401,C1555,6396.12,97.2931027436263,83.79186602870813
1402,C1594,6395.88,97.3070808478811,83.85167464114832
1403,C2519,6394.32,97.3210555427782,83.91148325358851
1404,C1453,6391.32,97.33502368121822,83.97129186602871
1405,C2866,6390.36,97.34898972159195,84.0311004784689
1406,C1919,6385.8,97.36294579615091,84.0909090909091
1407,C1775,6385.56,97.3769013461933,84.15071770334929
1408,C1468,6383.88,97.39085322461976,84.21052631578948
1409,C2498,6383.64,97.40480457852964,84.27033492822966
1410,C2848,6382.68,97.41875383437322,84.33014354066985
1411,C2687,6382.32,97.43270230344197,84.38995215311004
1412,C2164,6379.56,97.44664474057019,84.44976076555024
1413,C1703,6378.24,97.4605842928573,84.50956937799043
1414,C1730,6373.44,97.47451335481306,84.56937799043062
1415,C2413,6371.88,97.48843900741113,84.62918660287082
1416,C2630,6371.64,97.50236413549264,84.68899521531101
1417,C2018,6367.2,97.51627956001768,84.7488038277512
1418,C2392,6365.64,97.53019157518501,84.80861244019138
1419,C1568,6362.04,97.54409572260384,84.86842105263158
1420,C2165,6361.2,97.55799803421468,84.92822966507177
1421,C2685,6361.2,97.57190034582553,84.98803827751196
1422,C1675,6360.0,97.58580003485353,85.04784688995215
1423,C1159,6357.0,97.59969316742445,85.10765550239235
1424,C2028,6352.8,97.61357712095544,85.16746411483254
1425,C2723,6352.56,97.62746054996987,85.22727272727273
1426,C2370,6351.48,97.64134161865974,85.28708133971291
1427,C2075,6349.92,97.65521927799192,85.3468899521531
1428,C2184,6345.48,97.66908723376763,85.4066985645933
1429,C2785,6343.68,97.68295125566907,85.46650717703349
1430,C2670,6339.48,97.69680609853056,85.52631578947368
1431,C2504,6336.12,97.71065359816014,85.58612440191388
1432,C1099,6336.0,97.72450083553143,85.64593301435407
1433,C1999,6334.2,97.73834413902848,85.70574162679426
1434,C1899,6333.48,97.75218586897581,85.76555023923444
1435,C2722,6333.48,97.76602759892316,85.82535885167464
1436,C2981,6333.32,97.77986897919278,85.88516746411483
1437,C2608,6332.04,97.79370756204072,85.94497607655502
1438,C2524,6320.64,97.80752123035172,86.00478468899522
1439,C2038,6319.32,97.82133201382162,86.06459330143541
1440,C1530,6311.16,97.83512496372819,86.1244019138756
1441,C1157,6308.76,97.84891266846913,86.1842105263158
1442,C1822,6305.16,97.86269250546155,86.24401913875599
1443,C1060,6304.8,97.8764715556791,86.30382775119617
1444,C2451,6303.36,97.89024745879728,86.36363636363636
1445,C2303,6303.36,97.90402336191545,86.42344497607655
1446,C1878,6290.4,97.917770941139,86.48325358851675
1447,C2952,6285.8,97.93150846712834,86.54306220095694
1448,C1521,6282.96,97.9452397863383,86.60287081339713
1449,C2821,6280.08,97.95896481134946,86.66267942583733
1450,C1168,6279.96,97.97268957410235,86.72248803827752
1451,C2281,6279.12,97.98641250104723,86.7822966507177
1452,C1280,6277.68,98.00013228089271,86.84210526315789
1453,C1728,6274.92,98.0138460287977,86.90191387559808
1454,C1233,6272.64,98.02755479379529,86.96172248803828
1455,C2956,6268.9,98.04125538507637,87.02153110047847
1456,C2373,6258.36,98.05493294133818,87.08133971291866
1457,C2002,6257.88,98.06860944856692,87.14114832535886
1458,C2506,6254.88,98.08227939933853,87.20095693779905
1459,C2180,6249.84,98.09593833526223,87.26076555023923
1460,C1961,6244.32,98.1095852073049,87.32057416267942
1461,C2477,6235.92,98.12321372126775,87.38038277511961
1462,C2294,6227.88,98.13682466392557,87.4401913875598
1463,C2364,6226.92,98.15043350851711,87.5
1464,C1194,6226.44,98.16404130407552,87.5598086124402
1465,C1073,6212.4,98.17761841541477,87.61961722488039
1466,C2860,6212.16,98.19119500223742,87.67942583732058
1467,C1755,6210.12,98.20476713066928,87.73923444976077
1468,C2954,6207.39,98.21833329272519,87.79904306220095
1469,C1442,6182.28,98.23184457723525,87.85885167464114
1470,C2006,6173.16,98.24533593011577,87.91866028708134
1471,C1426,6172.2,98.25882518493003,87.97846889952153
1472,C2502,6169.2,98.2723078832872,88.03827751196172
1473,C1538,6166.56,98.28578481196215,88.09808612440192
1474,C2389,6154.32,98.29923499029215,88.15789473684211
1475,C1107,6151.44,98.31267887442333,88.2177033492823
1476,C2637,6147.24,98.32611357951463,88.27751196172248
1477,C1833,6145.92,98.33954539976479,88.33732057416267
1478,C2699,6132.76,98.35294845902318,88.39712918660287
1479,C2614,6131.75,98.36634931094102,88.45693779904306
1480,C1359,6127.56,98.3797410056738,88.51674641148325
1481,C2467,6124.32,98.39312561943291,88.57655502392345
1482,C2379,6117.72,98.40649580898643,88.63636363636364
1483,C1477,6117.48,98.41986547402337,88.69617224880383
1484,C2912,6108.07,98.43321457363994,88.75598086124401
1485,C2086,6090.12,98.44652444378823,88.8157894736842
1486,C1497,6085.92,98.45982513489662,88.8755980861244
1487,C2744,6081.72,98.47311664696507,88.93540669856459
1488,C3085,6077.0,98.48639784354104,88.99521531100478
1489,C2131,6072.48,98.49966916172167,89.05502392344498
1490,C2830,6041.28,98.51287229274858,89.11483253588517
1491,C2768,5991.96,98.52596763562094,89.17464114832536
1492,C2729,5952.44,98.5389766080986,89.23444976076556
1493,C3092,5945.57,98.55197056628951,89.29425837320574
1494,C2439,5932.08,98.56493504227839,89.35406698564593
1495,C2724,5932.08,98.57789951826726,89.41387559808612
1496,C2751,5932.08,98.59086399425611,89.47368421052632
1497,C1701,5932.08,98.60382847024499,89.53349282296651
1498,C2812,5932.08,98.61679294623387,89.5933014354067
1499,C2410,5932.08,98.62975742222274,89.6531100478469
1500,C2412,5932.08,98.64272189821162,89.71291866028709
1501,C1191,5932.08,98.65568637420047,89.77272727272727
1502,C1058,5927.35,98.66864051284203,89.83253588516746
1503,C2990,5915.15,98.68156798855804,89.89234449760765
1504,C2667,5909.05,98.69448213281133,89.95215311004785
1505,C2402,5891.93,98.70735886154951,90.01196172248804
1506,C2400,5836.05,98.72011346534697,90.07177033492823
1507,C1673,5828.13,98.73285076009773,90.13157894736842
1508,C1598,5827.36,98.74558637202449,90.19138755980862
1509,C2234,5810.42,98.75828496182356,90.2511961722488
1510,C2859,5784.24,98.77092633560711,90.31100478468899
1511,C2982,5783.42,98.7835659172924,90.37081339712918
1512,C1770,5755.2,98.79614382457133,90.43062200956938
1513,C1113,5722.75,98.80865081283942,90.49043062200957
1514,C2971,5673.22,98.82104955400096,90.55023923444976
1515,C2805,5645.64,98.83338801946702,90.61004784688996
1516,C3177,5644.67,98.84572436501195,90.66985645933015
1517,C3175,5626.17,98.85802027907148,90.72966507177034
1518,C1405,5611.54,98.8702842194753,90.78947368421052
1519,C3169,5564.02,98.88244430559884,90.84928229665071
1520,C2621,5561.28,98.89459840349154,90.9090909090909
1521,C2963,5534.45,98.90669386480303,90.9688995215311
1522,C3120,5442.17,98.91858764949447,91.02870813397129
1523,C3147,5407.84,98.93040640646196,91.08851674641149
1524,C3145,5405.98,98.94222109842605,91.14832535885168
1525,C1271,5392.8,98.95400698568866,91.20813397129187
1526,C3153,5358.8,98.9657185664376,91.26794258373205
1527,C2567,5344.4,98.9773986761925,91.32775119617224
1528,C3020,5341.28,98.98907196723206,91.38755980861244
1529,C3004,5329.9,99.00072038744436,91.44736842105263
1530,C1234,5295.1,99.01229275275448,91.50717703349282
1531,C2750,5286.2,99.02384566724187,91.56698564593302
1532,C3017,5275.66,99.03537554671001,91.62679425837321
1533,C1736,5263.8,99.04687950631781,91.6866028708134
1534,C2677,5168.12,99.0581743586542,91.7464114832536
1535,C2823,5124.68,99.06937427349195,91.80622009569377
1536,C3134,5041.13,99.08039159099977,91.86602870813397
1537,C2597,5037.52,99.09140101890422,91.92583732057416
1538,C2431,5009.32,99.10234881611204,91.98564593301435
1539,C3029,4988.41,99.11325091481396,92.04545454545455
1540,C2216,4936.24,99.12403899672711,92.10526315789474
1541,C1196,4853.52,99.13464629526348,92.16507177033493
1542,C2598,4853.52,99.14525359379984,92.22488038277513
1543,C3176,4810.57,99.15576702572554,92.2846889952153
1544,C2344,4786.74,99.16622837752709,92.3444976076555
1545,C3030,4785.34,99.1766866696487,92.40430622009569
1546,C3183,4736.98,99.187039271682,92.46411483253588
1547,C2286,4730.67,99.19737808330056,92.52392344497608
1548,C3041,4719.3,99.20769204594677,92.58373205741627
1549,C2933,4706.7,99.2179784714732,92.64354066985646
1550,C2357,4645.8,99.22813180092074,92.70334928229666
1551,C3182,4571.6,99.2381229673296,92.76315789473684
1552,C2301,4570.11,99.2481108773648,92.82296650717703
1553,C2944,4562.75,99.25808270222525,92.88277511961722
1554,C3068,4473.36,99.26785916651933,92.94258373205741
1555,C3048,4467.36,99.27762251789923,93.00239234449761
1556,C2269,4436.14,99.28731763841569,93.0622009569378
1557,C3141,4336.24,99.2967944289111,93.122009569378
1558,C3164,4327.64,99.30625242422951,93.18181818181819
1559,C2146,4314.24,99.31568113403962,93.24162679425838
1560,C3167,4305.9,99.32509161689902,93.30143540669856
1561,C2967,4302.41,99.3344944724133,93.36124401913875
1562,C3049,4298.42,99.34388860783967,93.42105263157895
1563,C3171,4250.72,99.35317849559834,93.48086124401914
1564,C2346,4246.88,99.36245999109194,93.54066985645933
1565,C2255,4244.08,99.37173536722558,93.60047846889952
1566,C3179,4238.69,99.38099896359132,93.66028708133972
1567,C3035,4207.63,99.39019467877134,93.72009569377991
1568,C3045,4145.83,99.39925533093533,93.77990430622009
1569,C2757,4086.72,99.40818679903981,93.83971291866028
1570,C2974,4057.25,99.41705386088083,93.89952153110048
1571,C3058,3987.08,99.42576756719055,93.95933014354067
1572,C3178,3960.84,99.43442392635559,94.01913875598086
1573,C3062,3951.34,99.44305952340655,94.07894736842105
1574,C3011,3910.06,99.45160490360793,94.13875598086125
1575,C1339,3876.09,99.46007604286022,94.19856459330144
1576,C1059,3876.09,99.46854718211253,94.25837320574162
1577,C2856,3859.02,99.47698101512398,94.31818181818181
1578,C3100,3851.01,99.48539734239502,94.377990430622
1579,C3070,3821.98,99.49375022501626,94.4377990430622
1580,C2703,3819.09,99.50209679158388,94.49760765550239
1581,C2741,3774.96,99.51034691266771,94.55741626794259
1582,C2732,3767.33,99.51858035849568,94.61722488038278
1583,C3133,3761.38,99.52680080068376,94.67703349282297
1584,C3067,3759.91,99.53501803020787,94.73684210526316
1585,C2835,3741.03,99.54319399776202,94.79665071770334
1586,C3081,3718.77,99.55132131640457,94.85645933014354
1587,C3061,3707.88,99.5594248351079,94.91626794258373
1588,C2809,3695.8,99.56750195314402,94.97607655502392
1589,C3106,3692.5,99.57557185907734,95.03588516746412
1590,C3073,3690.04,99.58363638871585,95.09569377990431
1591,C2202,3671.73,99.59166090211126,95.1555023923445
1592,C2874,3654.59,99.59964795628183,95.2153110047847
1593,C3107,3633.32,99.60758852517165,95.27511961722487
1594,C3022,3514.69,99.61526982989332,95.33492822966507
1595,C1874,3505.35,99.62293072217858,95.39473684210526
1596,C2980,3496.89,99.63057312525487,95.45454545454545
1597,C2218,3478.74,99.63817586176576,95.51435406698565
1598,C2679,3474.17,99.64576861060702,95.57416267942584
1599,C3137,3424.92,99.65325372427776,95.63397129186603
1600,C3097,3378.57,99.66063754068647,95.69377990430623
1601,C3128,3307.96,99.66786703995015,95.7535885167464
1602,C3090,3298.86,99.67507665129402,95.8133971291866
1603,C3127,3294.59,99.68227693061395,95.87320574162679
1604,C3082,3290.08,99.6894673533934,95.93301435406698
1605,C3187,3268.4,99.69661039484293,95.99282296650718
1606,C2829,3265.35,99.70374677056111,96.05263157894737
1607,C2793,3235.68,99.71081830291868,96.11244019138756
1608,C3144,3193.32,99.71779725810217,96.17224880382776
1609,C2603,3158.94,99.7247010762874,96.23205741626795
1610,C3186,3148.5,99.73158207800198,96.29186602870813
1611,C2884,3111.63,99.73838250085892,96.35167464114832
1612,C3088,3098.08,99.7451533103847,96.41148325358851
1613,C2279,3067.08,99.75185636985385,96.47129186602871
1614,C3091,3023.14,99.75846339908155,96.5311004784689
1615,C3139,2989.96,99.76499791389386,96.5909090909091
1616,C3135,2989.38,99.77153116112444,96.65071770334929
1617,C3146,2829.06,99.77771403128821,96.71052631578948
1618,C3173,2819.32,99.78387561482131,96.77033492822966
1619,C3042,2780.39,99.78995211739624,96.83014354066985
1620,C3116,2713.49,99.7958824109781,96.88995215311004
1621,C2775,2696.4,99.8017753546094,96.94976076555024
1622,C3115,2657.49,99.80758326099229,97.00956937799043
1623,C2926,2651.5,99.81337807631583,97.06937799043062
1624,C2822,2569.5,99.81899368181229,97.12918660287082
1625,C1506,2548.3,99.82456295501197,97.18899521531101
1626,C1906,2546.04,99.83012728901399,97.2488038277512
1627,C2044,2500.46,99.83559200857798,97.30861244019138
1628,C3157,2457.82,99.84096353903188,97.36842105263158
1629,C2755,2453.58,99.84632580302643,97.42822966507177
1630,C3083,2453.07,99.85168695242326,97.48803827751196
1631,C3181,2452.78,99.85704746802926,97.54784688995215
1632,C3190,2452.34,99.86240702202157,97.60765550239235
1633,C3172,2414.55,99.86768398650938,97.66746411483254
1634,C2777,2338.16,99.87279400174486,97.72727272727273
1635,C2758,2289.04,99.87779666592296,97.78708133971291
1636,C1166,2279.02,99.88277743153438,97.8468899521531
1637,C3154,2174.3,99.88752933308368,97.9066985645933
1638,C3160,2165.78,99.89226261429485,97.96650717703349
1639,C2783,2157.12,99.8969769691999,98.02631578947368
1640,C2510,2157.12,99.90169132410493,98.08612440191388
1641,C2769,2157.12,99.90640567900998,98.14593301435407
1642,C2818,2150.96,99.91110657132313,98.20574162679426
1643,C2834,2107.04,99.91571147710451,98.26555023923444
1644,C3159,2030.77,99.92014969589184,98.32535885167464
1645,C3185,2027.3,99.9245803310438,98.38516746411483
1646,C3180,1857.46,99.92863978330512,98.44497607655502
1647,C1693,1812.51,99.93260099798438,98.50478468899522
1648,C1485,1774.31,99.93647872711006,98.56459330143541
1649,C2682,1764.19,99.94033433912048,98.6244019138756
1650,C3191,1762.51,99.94418627951494,98.6842105263158
1651,C2832,1740.74,99.94799064188578,98.74401913875599
1652,C3174,1708.7,99.95172498129493,98.80382775119617
1653,C3166,1622.39,99.95527069143364,98.86363636363636
1654,C2430,1617.84,99.95880645761244,98.92344497607655
1655,C2771,1617.84,99.96234222379123,98.98325358851675
1656,C2791,1593.63,99.9658250793613,99.04306220095694
1657,C2229,1580.52,99.96927928321392,99.10287081339713
1658,C2828,1576.05,99.97272371794544,99.16267942583733
1659,C2336,1546.77,99.97610416165581,99.22248803827752
1660,C2530,1213.04,99.97875524322477,99.2822966507177
1661,C1055,1157.21,99.9812843091273,99.34210526315789
1662,C1740,1129.8,99.98375347086687,99.40191387559808
1663,C1679,1060.42,99.98607100360888,99.46172248803828
1664,C2237,1057.58,99.98838232957148,99.52153110047847
1665,C2261,1047.96,99.99067263116173,99.58133971291866
1666,C2514,1045.88,99.9929583869417,99.64114832535886
1667,C2499,539.28,99.99413697566796,99.70095693779905
1668,C1223,539.28,99.99531556439422,99.76076555023923
1669,C1695,539.28,99.99649415312048,99.82057416267942
1670,C2568,539.28,99.99767274184674,99.88038277511961
1671,C1689,535.29,99.99884261048507,99.9401913875598
1672,C2742,529.58,100.00000000000009,100.0
