year,top_n,net_revenue_top_n,net_revenue_total,share_of_net_pct,recurring_top_n,recurring_total,share_of_recurring_pct
2022,1,2167499.92,28232151.64,7.677416683073611,2167499.92,27248292.049999997,7.954626719438734
2022,5,8408750.04,28232151.64,29.784304601446944,8408750.04,27248292.049999997,30.85973250936291
2022,10,9436266.6,28232151.64,33.42383081645987,9436266.6,27248292.049999997,34.630671833246154
2022,20,9891498.74,28232151.64,35.03629077277087,9891498.74,27248292.049999997,36.30135320720038
2023,1,2209999.92,32192869.95,6.864873878695615,2209999.92,31014666.15,7.125660838364369
2023,5,8465000.04,32192869.95,26.294642425938786,8465000.04,31014666.15,27.293539124553817
2023,10,9580880.469999999,32192869.95,29.760877128632636,9561310.090000002,31014666.15,30.828350831691935
2023,20,10048874.89,32192869.95,31.214597846067466,10020724.77,31014666.15,32.30963287347847
2024,1,2320499.88,37258898.51,6.228042086046091,2320499.88,36114683.69,6.425363987453492
2024,5,8777999.879999999,37258898.51,23.559472316778372,8777999.879999999,36114683.69,24.30590270524947
2024,10,9930371.270000001,37258898.51,26.65234794135089,9930371.270000001,36114683.69,27.496769334157783
2024,20,10423581.78,37258898.51,27.976086778846643,10423079.78,36114683.69,28.861057927211213
2025,1,2100944.88,45756419.35,4.591584983801841,2100944.88,40475097.15,5.190709912848226
2025,5,8521747.5,45756419.35,18.624157268110185,8521747.5,40475097.15,21.054297827670563
2025,10,10221364.94,45756419.35,22.338646872288532,9754305.43,40475097.15,24.099523205221015
2025,20,11683512.19,45756419.35,25.534148772941517,10285384.18,40475097.15,25.411635559224347
