customer_id,rank_latest_year,dec_arr_prior,dec_arr_latest,change_vs_prior_dec,change_vs_prior_dec_pct,peak_arr,peak_month,change_vs_peak,declining,change_vs_peak_pct
C1052,1,2320499.88,1336964.88,-983535.0,-42.384618,2482934.88,2025-01-01,-1145970.0,True,-46.153848
C1865,2,1890000.0,2022300.0,132300.0,7.0,2022300.0,2025-01-01,0.0,False,0.0
C1545,3,2052750.0,1808835.0,-243915.0,-11.882353,2196442.56,2025-01-01,-387607.56,True,-17.647061
C1881,4,1249500.0,1336965.0,87465.0,7.0,1470000.0,2024-01-01,-133035.0,False,-9.05
C1328,5,1155000.0,1235850.12,80850.12,7.00001,1235850.12,2025-01-01,0.0,False,0.0
C1933,6,945000.0,1011150.12,66150.12,7.000013,1011150.12,2025-01-01,0.0,False,0.0
C1069,7,42607.2,45589.68,2982.48,6.999944,45589.68,2025-01-01,0.0,False,0.0
C2470,8,42053.64,44997.36,2943.72,6.999917,44997.36,2025-01-01,0.0,False,0.0
C2321,9,42140.52,45090.36,2949.84,7.000009,45090.36,2025-01-01,0.0,False,0.0
C1964,10,23562.0,25211.4,1649.4,7.000255,25211.4,2025-01-01,0.0,False,0.0
