customer_id,quarter,net_revenue,recurring_net,oneoff_net,rank_latest_year
C1052,2022Q1,509999.98,509999.98,0.0,1
C1052,2022Q2,552499.98,552499.98,0.0,1
C1052,2022Q3,552499.98,552499.98,0.0,1
C1052,2022Q4,552499.98,552499.98,0.0,1
C1052,2023Q1,552499.98,552499.98,0.0,1
C1052,2023Q2,552499.98,552499.98,0.0,1
C1052,2023Q3,552499.98,552499.98,0.0,1
C1052,2023Q4,552499.98,552499.98,0.0,1
C1052,2024Q1,580124.97,580124.97,0.0,1
C1052,2024Q2,580124.97,580124.97,0.0,1
C1052,2024Q3,580124.97,580124.97,0.0,1
C1052,2024Q4,580124.97,580124.97,0.0,1
C1052,2025Q1,620733.72,620733.72,0.0,1
C1052,2025Q2,620733.72,620733.72,0.0,1
C1052,2025Q3,525236.22,525236.22,0.0,1
C1052,2025Q4,334241.22,334241.22,0.0,1
C1865,2022Q1,450000.0,450000.0,0.0,2
C1865,2022Q2,450000.0,450000.0,0.0,2
C1865,2022Q3,450000.0,450000.0,0.0,2
C1865,2022Q4,450000.0,450000.0,0.0,2
C1865,2023Q1,450000.0,450000.0,0.0,2
C1865,2023Q2,450000.0,450000.0,0.0,2
C1865,2023Q3,450000.0,450000.0,0.0,2
C1865,2023Q4,450000.0,450000.0,0.0,2
C1865,2024Q1,472500.0,472500.0,0.0,2
C1865,2024Q2,472500.0,472500.0,0.0,2
C1865,2024Q3,472500.0,472500.0,0.0,2
C1865,2024Q4,472500.0,472500.0,0.0,2
C1865,2025Q1,505575.0,505575.0,0.0,2
C1865,2025Q2,505575.0,505575.0,0.0,2
C1865,2025Q3,505575.0,505575.0,0.0,2
C1865,2025Q4,505575.0,505575.0,0.0,2
C1545,2022Q1,488750.01,488750.01,0.0,3
C1545,2022Q2,488750.01,488750.01,0.0,3
C1545,2022Q3,488750.01,488750.01,0.0,3
C1545,2022Q4,488750.01,488750.01,0.0,3
C1545,2023Q1,488750.01,488750.01,0.0,3
C1545,2023Q2,488750.01,488750.01,0.0,3
C1545,2023Q3,488750.01,488750.01,0.0,3
C1545,2023Q4,488750.01,488750.01,0.0,3
C1545,2024Q1,513187.5,513187.5,0.0,3
C1545,2024Q2,513187.5,513187.5,0.0,3
C1545,2024Q3,513187.5,513187.5,0.0,3
C1545,2024Q4,513187.5,513187.5,0.0,3
C1545,2025Q1,484509.38,484509.38,0.0,3
C1545,2025Q2,452208.75,452208.75,0.0,3
C1545,2025Q3,452208.75,452208.75,0.0,3
C1545,2025Q4,452208.75,452208.75,0.0,3
C1881,2022Q1,350000.01,350000.01,0.0,4
C1881,2022Q2,350000.01,350000.01,0.0,4
C1881,2022Q3,350000.01,350000.01,0.0,4
C1881,2022Q4,350000.01,350000.01,0.0,4
C1881,2023Q1,350000.01,350000.01,0.0,4
C1881,2023Q2,350000.01,350000.01,0.0,4
C1881,2023Q3,350000.01,350000.01,0.0,4
C1881,2023Q4,350000.01,350000.01,0.0,4
C1881,2024Q1,367500.0,367500.0,0.0,4
C1881,2024Q2,367500.0,367500.0,0.0,4
C1881,2024Q3,312375.0,312375.0,0.0,4
C1881,2024Q4,312375.0,312375.0,0.0,4
C1881,2025Q1,334241.25,334241.25,0.0,4
C1881,2025Q2,334241.25,334241.25,0.0,4
C1881,2025Q3,334241.25,334241.25,0.0,4
C1881,2025Q4,334241.25,334241.25,0.0,4
C1328,2022Q1,261250.01,261250.01,0.0,5
C1328,2022Q2,275000.01,275000.01,0.0,5
C1328,2022Q3,275000.01,275000.01,0.0,5
C1328,2022Q4,275000.01,275000.01,0.0,5
C1328,2023Q1,275000.01,275000.01,0.0,5
C1328,2023Q2,275000.01,275000.01,0.0,5
C1328,2023Q3,275000.01,275000.01,0.0,5
C1328,2023Q4,275000.01,275000.01,0.0,5
C1328,2024Q1,288750.0,288750.0,0.0,5
C1328,2024Q2,288750.0,288750.0,0.0,5
C1328,2024Q3,288750.0,288750.0,0.0,5
C1328,2024Q4,288750.0,288750.0,0.0,5
C1328,2025Q1,293514.4,293514.4,0.0,5
C1328,2025Q2,308962.53,308962.53,0.0,5
C1328,2025Q3,308962.53,308962.53,0.0,5
C1328,2025Q4,308962.53,308962.53,0.0,5
C1933,2022Q1,225000.0,225000.0,0.0,6
C1933,2022Q2,213750.0,213750.0,0.0,6
C1933,2022Q3,225000.0,225000.0,0.0,6
C1933,2022Q4,172500.0,172500.0,0.0,6
C1933,2023Q1,225000.0,225000.0,0.0,6
C1933,2023Q2,225000.0,225000.0,0.0,6
C1933,2023Q3,225000.0,225000.0,0.0,6
C1933,2023Q4,225000.0,225000.0,0.0,6
C1933,2024Q1,236250.0,236250.0,0.0,6
C1933,2024Q2,236250.0,236250.0,0.0,6
C1933,2024Q3,236250.0,236250.0,0.0,6
C1933,2024Q4,236250.0,236250.0,0.0,6
C1933,2025Q1,252787.53,252787.53,0.0,6
C1933,2025Q2,252787.53,252787.53,0.0,6
C1933,2025Q3,252787.53,252787.53,0.0,6
C1933,2025Q4,252787.53,252787.53,0.0,6
C1069,2022Q1,10144.56,10144.56,0.0,7
C1069,2022Q2,10144.56,10144.56,0.0,7
C1069,2022Q3,10144.56,10144.56,0.0,7
C1069,2022Q4,7435.61,7435.61,0.0,7
C1069,2023Q1,10144.56,10144.56,0.0,7
C1069,2023Q2,10144.56,10144.56,0.0,7
C1069,2023Q3,10144.56,10144.56,0.0,7
C1069,2023Q4,10144.56,10144.56,0.0,7
C1069,2024Q1,10651.8,10651.8,0.0,7
C1069,2024Q2,10651.8,10651.8,0.0,7
C1069,2024Q3,10651.8,10651.8,0.0,7
C1069,2024Q4,10651.8,10651.8,0.0,7
C1069,2025Q1,11397.42,11397.42,0.0,7
C1069,2025Q2,141108.45,11397.42,129711.03,7
C1069,2025Q3,11397.42,11397.42,0.0,7
C1069,2025Q4,11397.42,11397.42,0.0,7
C2470,2022Q1,0.0,0.0,0.0,8
C2470,2022Q2,0.0,0.0,0.0,8
C2470,2022Q3,0.0,0.0,0.0,8
C2470,2022Q4,0.0,0.0,0.0,8
C2470,2023Q1,0.0,0.0,0.0,8
C2470,2023Q2,0.0,0.0,0.0,8
C2470,2023Q3,9489.01,3337.59,6151.42,8
C2470,2023Q4,10012.77,10012.77,0.0,8
C2470,2024Q1,10513.41,10513.41,0.0,8
C2470,2024Q2,10513.41,10513.41,0.0,8
C2470,2024Q3,10513.41,10513.41,0.0,8
C2470,2024Q4,10513.41,10513.41,0.0,8
C2470,2025Q1,11249.34,11249.34,0.0,8
C2470,2025Q2,11249.34,11249.34,0.0,8
C2470,2025Q3,11249.34,11249.34,0.0,8
C2470,2025Q4,139632.87,11249.34,128383.53,8
C2321,2022Q1,0.0,0.0,0.0,9
C2321,2022Q2,0.0,0.0,0.0,9
C2321,2022Q3,0.0,0.0,0.0,9
C2321,2022Q4,0.0,0.0,0.0,9
C2321,2023Q1,12828.38,3344.49,9483.89,9
C2321,2023Q2,10033.47,10033.47,0.0,9
C2321,2023Q3,10033.47,10033.47,0.0,9
C2321,2023Q4,9368.27,9368.27,0.0,9
C2321,2024Q1,10535.13,10535.13,0.0,9
C2321,2024Q2,10535.13,10535.13,0.0,9
C2321,2024Q3,10535.13,10535.13,0.0,9
C2321,2024Q4,10535.13,10535.13,0.0,9
C2321,2025Q1,11272.59,11272.59,0.0,9
C2321,2025Q2,136666.65,11272.59,125394.06,9
C2321,2025Q3,11272.59,11272.59,0.0,9
C2321,2025Q4,11272.59,11272.59,0.0,9
C1964,2022Q1,5610.0,5610.0,0.0,10
C1964,2022Q2,5610.0,5610.0,0.0,10
C1964,2022Q3,5610.0,5610.0,0.0,10
C1964,2022Q4,4890.0,4890.0,0.0,10
C1964,2023Q1,5610.0,5610.0,0.0,10
C1964,2023Q2,5610.0,5610.0,0.0,10
C1964,2023Q3,5610.0,5610.0,0.0,10
C1964,2023Q4,5610.0,5610.0,0.0,10
C1964,2024Q1,5890.5,5890.5,0.0,10
C1964,2024Q2,5890.5,5890.5,0.0,10
C1964,2024Q3,5890.5,5890.5,0.0,10
C1964,2024Q4,5890.5,5890.5,0.0,10
C1964,2025Q1,6302.85,6302.85,0.0,10
C1964,2025Q2,6302.85,6302.85,0.0,10
C1964,2025Q3,6302.85,6302.85,0.0,10
C1964,2025Q4,150392.75,6302.85,144089.9,10
