signup_quarter,tenure,mrr,mrr_month3,revenue_retention_pct
2022Q1,3,83695.36,83695.36,100.0
2022Q1,4,83695.36,83695.36,100.0
2022Q1,5,81995.36,83695.36,97.968824
2022Q1,6,80310.63,83695.36,95.955893
2022Q1,7,80860.63,83695.36,96.613038
2022Q1,8,79728.76,83695.36,95.260669
2022Q1,9,77567.18,83695.36,92.677993
2022Q1,10,78069.76,83695.36,93.27848
2022Q1,11,78614.36,83695.36,93.929174
2022Q1,12,78614.36,83695.36,93.929174
2022Q1,13,78614.36,83695.36,93.929174
2022Q1,14,78614.36,83695.36,93.929174
2022Q1,15,78614.36,83695.36,93.929174
2022Q1,16,77481.7,83695.36,92.575861
2022Q1,17,76617.88,83695.36,91.543761
2022Q1,18,74878.08,83695.36,89.465031
2022Q1,19,75584.52,83695.36,90.309092
2022Q1,20,71346.4,83695.36,85.245347
2022Q1,21,71346.4,83695.36,85.245347
2022Q1,22,72246.76,83695.36,86.321105
2022Q1,23,71788.04,83695.36,85.773023
2022Q1,24,72730.05,83695.36,86.898545
2022Q1,25,70931.35,83695.36,84.749441
2022Q1,26,69250.22,83695.36,82.740811
2022Q1,27,69190.3,83695.36,82.669218
2022Q1,28,69190.3,83695.36,82.669218
2022Q1,29,68524.82,83695.36,81.874097
2022Q1,30,68297.14,83695.36,81.602063
2022Q1,31,64752.5,83695.36,77.366893
2022Q1,32,62985.01,83695.36,75.25508
2022Q1,33,62985.01,83695.36,75.25508
2022Q1,34,64715.73,83695.36,77.32296
2022Q1,35,62631.0,83695.36,74.832105
2022Q1,36,64564.34,83695.36,77.142078
2022Q1,37,63314.11,83695.36,75.648292
2022Q1,38,63314.11,83695.36,75.648292
2022Q1,39,62712.81,83695.36,74.929853
2022Q1,40,62712.81,83695.36,74.929853
2022Q1,41,62712.81,83695.36,74.929853
2022Q1,42,62712.81,83695.36,74.929853
2022Q1,43,59644.0,83695.36,71.26321
2022Q1,44,57764.42,83695.36,69.01747
2022Q1,45,57764.42,83695.36,69.01747
2022Q2,3,100233.54,100233.54,100.0
2022Q2,4,100233.54,100233.54,100.0
2022Q2,5,98506.51,100233.54,98.276994
2022Q2,6,96326.51,100233.54,96.102073
2022Q2,7,96396.51,100233.54,96.17191
2022Q2,8,96396.51,100233.54,96.17191
2022Q2,9,96396.51,100233.54,96.17191
2022Q2,10,96926.41,100233.54,96.700575
2022Q2,11,97440.14,100233.54,97.213109
2022Q2,12,98069.3,100233.54,97.840803
2022Q2,13,98069.3,100233.54,97.840803
2022Q2,14,95223.64,100233.54,95.001773
2022Q2,15,93523.64,100233.54,93.305734
2022Q2,16,93043.64,100233.54,92.826852
2022Q2,17,94260.27,100233.54,94.040647
2022Q2,18,94810.27,100233.54,94.589366
2022Q2,19,95449.31,100233.54,95.226917
2022Q2,20,96974.84,100233.54,96.748893
2022Q2,21,96709.6,100233.54,96.484271
2022Q2,22,93280.26,100233.54,93.062921
2022Q2,23,93886.64,100233.54,93.667888
2022Q2,24,92341.14,100233.54,92.125989
2022Q2,25,91807.05,100233.54,91.593143
2022Q2,26,92578.17,100233.54,92.362467
2022Q2,27,92578.17,100233.54,92.362467
2022Q2,28,88752.07,100233.54,88.545281
2022Q2,29,88752.07,100233.54,88.545281
2022Q2,30,88752.07,100233.54,88.545281
2022Q2,31,90866.75,100233.54,90.655034
2022Q2,32,89301.11,100233.54,89.093042
2022Q2,33,91319.06,100233.54,91.10629
2022Q2,34,91319.06,100233.54,91.10629
2022Q2,35,91980.24,100233.54,91.76593
2022Q2,36,91980.24,100233.54,91.76593
2022Q2,37,91980.24,100233.54,91.76593
2022Q2,38,91980.24,100233.54,91.76593
2022Q2,39,90755.16,100233.54,90.543704
2022Q2,40,86213.31,100233.54,86.012437
2022Q2,41,87476.31,100233.54,87.272494
2022Q2,42,87476.31,100233.54,87.272494
2022Q3,3,89201.33,89201.33,100.0
2022Q3,4,89723.22,89201.33,100.58507
2022Q3,5,90977.75,89201.33,101.991473
2022Q3,6,89777.75,89201.33,100.646201
2022Q3,7,87413.41,89201.33,97.995635
2022Q3,8,86933.41,89201.33,97.457527
2022Q3,9,86933.41,89201.33,97.457527
2022Q3,10,86455.24,89201.33,96.92147
2022Q3,11,86455.24,89201.33,96.92147
2022Q3,12,85242.04,89201.33,95.5614
2022Q3,13,85242.04,89201.33,95.5614
2022Q3,14,85242.04,89201.33,95.5614
2022Q3,15,85242.04,89201.33,95.5614
2022Q3,16,86448.46,89201.33,96.913869
2022Q3,17,86578.73,89201.33,97.059909
2022Q3,18,87241.13,89201.33,97.802499
2022Q3,19,87241.13,89201.33,97.802499
2022Q3,20,86058.69,89201.33,96.476914
2022Q3,21,86058.69,89201.33,96.476914
2022Q3,22,83714.25,89201.33,93.848657
2022Q3,23,82577.61,89201.33,92.574416
2022Q3,24,77940.73,89201.33,87.376197
2022Q3,25,78498.04,89201.33,88.000975
2022Q3,26,78498.04,89201.33,88.000975
2022Q3,27,76828.8,89201.33,86.129657
2022Q3,28,77149.67,89201.33,86.489372
2022Q3,29,78571.15,89201.33,88.082936
2022Q3,30,81082.15,89201.33,90.897916
2022Q3,31,81082.15,89201.33,90.897916
2022Q3,32,81082.15,89201.33,90.897916
2022Q3,33,81082.15,89201.33,90.897916
2022Q3,34,81364.5,89201.33,91.214447
2022Q3,35,81364.5,89201.33,91.214447
2022Q3,36,80843.65,89201.33,90.630543
2022Q3,37,80843.65,89201.33,90.630543
2022Q3,38,80304.37,89201.33,90.025978
2022Q3,39,77724.46,89201.33,87.133746
2022Q4,3,89925.04,89925.04,100.0
2022Q4,4,89468.4,89925.04,99.492199
2022Q4,5,88998.34,89925.04,98.969475
2022Q4,6,88979.12,89925.04,98.948102
2022Q4,7,89523.21,89925.04,99.55315
2022Q4,8,89523.21,89925.04,99.55315
2022Q4,9,89523.21,89925.04,99.55315
2022Q4,10,88376.69,89925.04,98.278177
2022Q4,11,87854.19,89925.04,97.697138
2022Q4,12,87854.19,89925.04,97.697138
2022Q4,13,89305.95,89925.04,99.311549
2022Q4,14,88242.58,89925.04,98.129042
2022Q4,15,86468.34,89925.04,96.156021
2022Q4,16,85313.52,89925.04,94.871818
2022Q4,17,85313.52,89925.04,94.871818
2022Q4,18,85313.52,89925.04,94.871818
2022Q4,19,85313.52,89925.04,94.871818
2022Q4,20,84612.35,89925.04,94.09209
2022Q4,21,84612.35,89925.04,94.09209
2022Q4,22,83530.85,89925.04,92.889422
2022Q4,23,83530.85,89925.04,92.889422
2022Q4,24,83042.76,89925.04,92.346648
2022Q4,25,85739.3,89925.04,95.345301
2022Q4,26,87035.08,89925.04,96.786257
2022Q4,27,88948.88,89925.04,98.914474
2022Q4,28,85115.4,89925.04,94.651501
2022Q4,29,85236.79,89925.04,94.786491
2022Q4,30,82853.3,89925.04,92.135961
2022Q4,31,81619.24,89925.04,90.76364
2022Q4,32,81619.24,89925.04,90.76364
2022Q4,33,80007.97,89925.04,88.971848
2022Q4,34,80007.97,89925.04,88.971848
2022Q4,35,80007.97,89925.04,88.971848
2022Q4,36,80007.97,89925.04,88.971848
2023Q1,3,120241.65,120241.65,100.0
2023Q1,4,119769.44,120241.65,99.607283
2023Q1,5,114430.17,120241.65,95.166833
2023Q1,6,111243.08,120241.65,92.516262
2023Q1,7,111243.08,120241.65,92.516262
2023Q1,8,105850.32,120241.65,88.031327
2023Q1,9,105850.32,120241.65,88.031327
2023Q1,10,105742.39,120241.65,87.941566
2023Q1,11,106685.31,120241.65,88.725754
2023Q1,12,107271.95,120241.65,89.213638
2023Q1,13,104982.18,120241.65,87.309331
2023Q1,14,104543.73,120241.65,86.94469
2023Q1,15,105208.31,120241.65,87.497394
2023Q1,16,104899.58,120241.65,87.240636
2023Q1,17,105676.53,120241.65,87.886793
2023Q1,18,102082.29,120241.65,84.897612
2023Q1,19,98534.42,120241.65,81.946996
2023Q1,20,92961.96,120241.65,77.312612
2023Q1,21,93253.46,120241.65,77.55504
2023Q1,22,92307.13,120241.65,76.768017
2023Q1,23,90978.26,120241.65,75.662851
2023Q1,24,92846.27,120241.65,77.216397
2023Q1,25,86562.88,120241.65,71.990762
2023Q1,26,86068.72,120241.65,71.57979
2023Q1,27,86068.72,120241.65,71.57979
2023Q1,28,86068.72,120241.65,71.57979
2023Q1,29,82344.46,120241.65,68.482477
2023Q1,30,82286.27,120241.65,68.434083
2023Q1,31,78984.86,120241.65,65.688437
2023Q1,32,78984.86,120241.65,65.688437
2023Q1,33,78459.23,120241.65,65.251292
2023Q2,3,125686.15,125686.15,100.0
2023Q2,4,124308.71,125686.15,98.904064
2023Q2,5,124308.71,125686.15,98.904064
2023Q2,6,116389.3,125686.15,92.603123
2023Q2,7,115419.44,125686.15,91.831471
2023Q2,8,118894.44,125686.15,94.596294
2023Q2,9,120113.56,125686.15,95.566266
2023Q2,10,117286.83,125686.15,93.317227
2023Q2,11,115076.81,125686.15,91.558863
2023Q2,12,112589.82,125686.15,89.580133
2023Q2,13,112122.76,125686.15,89.208525
2023Q2,14,106090.38,125686.15,84.408966
2023Q2,15,106696.76,125686.15,84.891422
2023Q2,16,101546.42,125686.15,80.793644
2023Q2,17,101546.42,125686.15,80.793644
2023Q2,18,97697.76,125686.15,77.731524
2023Q2,19,97855.34,125686.15,77.8569
2023Q2,20,98821.77,125686.15,78.625823
2023Q2,21,99942.56,125686.15,79.51756
2023Q2,22,100585.82,125686.15,80.029359
2023Q2,23,100585.82,125686.15,80.029359
2023Q2,24,97922.06,125686.15,77.909985
2023Q2,25,96760.61,125686.15,76.985897
2023Q2,26,96760.61,125686.15,76.985897
2023Q2,27,95472.35,125686.15,75.960915
2023Q2,28,89672.38,125686.15,71.34627
2023Q2,29,89141.52,125686.15,70.923901
2023Q2,30,89141.52,125686.15,70.923901
2023Q3,3,90928.2,90928.2,100.0
2023Q3,4,91378.33,90928.2,100.495039
2023Q3,5,93278.67,90928.2,102.584974
2023Q3,6,94421.63,90928.2,103.841965
2023Q3,7,93909.58,90928.2,103.278829
2023Q3,8,91048.84,90928.2,100.132676
2023Q3,9,91722.96,90928.2,100.874052
2023Q3,10,92416.95,90928.2,101.637281
2023Q3,11,91931.67,90928.2,101.103585
2023Q3,12,90724.17,90928.2,99.775614
2023Q3,13,90724.17,90928.2,99.775614
2023Q3,14,90724.17,90928.2,99.775614
2023Q3,15,87679.17,90928.2,96.426818
2023Q3,16,89082.06,90928.2,97.969673
2023Q3,17,91729.44,90928.2,100.881179
2023Q3,18,93298.29,90928.2,102.606551
2023Q3,19,93952.7,90928.2,103.326251
2023Q3,20,91299.2,90928.2,100.408014
2023Q3,21,90759.92,90928.2,99.814931
2023Q3,22,89507.59,90928.2,98.437657
2023Q3,23,86114.61,90928.2,94.706164
2023Q3,24,84217.63,90928.2,92.619924
2023Q3,25,84217.63,90928.2,92.619924
2023Q3,26,82959.7,90928.2,91.236492
2023Q3,27,82959.7,90928.2,91.236492
2023Q4,3,114091.6,114091.6,100.0
2023Q4,4,114766.01,114091.6,100.591113
2023Q4,5,114812.2,114091.6,100.631598
2023Q4,6,114812.2,114091.6,100.631598
2023Q4,7,113048.2,114091.6,99.085472
2023Q4,8,111855.35,114091.6,98.039952
2023Q4,9,109273.34,114091.6,95.776849
2023Q4,10,108265.34,114091.6,94.893349
2023Q4,11,106687.27,114091.6,93.510188
2023Q4,12,106115.55,114091.6,93.009082
2023Q4,13,108545.93,114091.6,95.139283
2023Q4,14,109486.52,114091.6,95.963699
2023Q4,15,111037.41,114091.6,97.323037
2023Q4,16,110625.9,114091.6,96.962353
2023Q4,17,106708.86,114091.6,93.529112
2023Q4,18,106708.86,114091.6,93.529112
2023Q4,19,106169.58,114091.6,93.056439
2023Q4,20,106169.58,114091.6,93.056439
2023Q4,21,106169.58,114091.6,93.056439
2023Q4,22,105667.8,114091.6,92.616634
2023Q4,23,103896.76,114091.6,91.064338
2023Q4,24,99570.48,114091.6,87.272402
2024Q1,3,111206.95,111206.95,100.0
2024Q1,4,110386.57,111206.95,99.262294
2024Q1,5,110386.57,111206.95,99.262294
2024Q1,6,110386.57,111206.95,99.262294
2024Q1,7,105112.19,111206.95,94.519443
2024Q1,8,96902.31,111206.95,87.136919
2024Q1,9,96485.72,111206.95,86.762311
2024Q1,10,98205.58,111206.95,88.308851
2024Q1,11,100803.21,111206.95,90.644703
2024Q1,12,102637.99,111206.95,92.294582
2024Q1,13,100784.23,111206.95,90.627636
2024Q1,14,100784.23,111206.95,90.627636
2024Q1,15,97461.49,111206.95,87.639747
2024Q1,16,96235.14,111206.95,86.536984
2024Q1,17,96235.14,111206.95,86.536984
2024Q1,18,95708.65,111206.95,86.063551
2024Q1,19,95708.65,111206.95,86.063551
2024Q1,20,90983.44,111206.95,81.814527
2024Q1,21,89719.35,111206.95,80.677826
2024Q2,3,149622.47,149622.47,100.0
2024Q2,4,146693.15,149622.47,98.042192
2024Q2,5,143128.23,149622.47,95.659582
2024Q2,6,139412.62,149622.47,93.176259
2024Q2,7,140046.05,149622.47,93.599611
2024Q2,8,139104.47,149622.47,92.970307
2024Q2,9,130816.83,149622.47,87.431273
2024Q2,10,129543.8,149622.47,86.580445
2024Q2,11,129543.8,149622.47,86.580445
2024Q2,12,126184.42,149622.47,84.335207
2024Q2,13,122995.65,149622.47,82.203996
2024Q2,14,119993.07,149622.47,80.197226
2024Q2,15,119993.07,149622.47,80.197226
2024Q2,16,118851.89,149622.47,79.434519
2024Q2,17,117685.75,149622.47,78.655131
2024Q2,18,116469.91,149622.47,77.842526
2024Q3,3,88822.35,88822.35,100.0
2024Q3,4,91072.51,88822.35,102.533326
2024Q3,5,92656.24,88822.35,104.316357
2024Q3,6,93353.53,88822.35,105.101396
2024Q3,7,92822.32,88822.35,104.503337
2024Q3,8,88842.87,88822.35,100.023102
2024Q3,9,87729.52,88822.35,98.769645
2024Q3,10,86650.96,88822.35,97.555356
2024Q3,11,85268.49,88822.35,95.998912
2024Q3,12,84685.34,88822.35,95.342377
2024Q3,13,84685.34,88822.35,95.342377
2024Q3,14,79947.12,88822.35,90.007887
2024Q3,15,79436.28,88822.35,89.432761
2024Q4,3,111603.11,111603.11,100.0
2024Q4,4,111603.11,111603.11,100.0
2024Q4,5,106201.12,111603.11,95.159642
2024Q4,6,105674.36,111603.11,94.687648
2024Q4,7,102031.72,111603.11,91.423725
2024Q4,8,102335.02,111603.11,91.695491
2024Q4,9,97771.79,111603.11,87.606689
2024Q4,10,97771.79,111603.11,87.606689
2024Q4,11,91829.21,111603.11,82.281945
2024Q4,12,87911.3,111603.11,78.771371
2025Q1,3,140177.82,140177.82,100.0
2025Q1,4,134250.76,140177.82,95.771756
2025Q1,5,133717.1,140177.82,95.391054
2025Q1,6,129302.74,140177.82,92.24194
2025Q1,7,128155.03,140177.82,91.423187
2025Q1,8,126913.93,140177.82,90.537811
2025Q1,9,127039.05,140177.82,90.627069
2025Q2,3,89674.25,89674.25,100.0
2025Q2,4,88613.85,89674.25,98.817498
2025Q2,5,83111.77,89674.25,92.681868
2025Q2,6,82587.72,89674.25,92.097475
2025Q3,3,139346.16,139346.16,100.0
