signup_year,tenure_months,logo_retention_pct,customers,active_customers,revenue_retention_vs_m3_pct
2017,6,97.660819,171,167,
2018,6,98.404255,188,185,
2019,6,97.073171,205,199,
2020,6,95.87156,218,209,
2021,6,97.021277,235,228,
2022,6,96.280992,242,233,97.889781
2023,6,94.193548,310,292,96.877378
2024,6,90.09901,303,273,97.305655
2017,12,93.567251,171,160,
2018,12,95.744681,188,180,
2019,12,92.195122,205,189,
2020,12,92.66055,218,202,
2021,12,90.212766,235,212,
2022,12,91.735537,242,222,96.343427
2023,12,82.580645,310,256,92.405745
2024,12,74.587459,303,226,87.0276
2017,18,88.888889,171,152,
2018,18,92.553191,188,174,
2019,18,87.804878,205,180,
2020,18,88.990826,218,194,
2021,18,85.957447,235,202,
2022,18,85.950413,242,208,94.267465
2023,18,75.16129,310,233,88.654912
