year,basis,uplift_factor,opening_mrr,closing_mrr_same_customers,closing_mrr_capped,nrr_pct,grr_pct,customers_opening,customers_retained
2023,reported,1.0,2417140.3,2314808.51,2284726.39,95.766411,94.521877,1010,920
2023,excluding top 5 customers,1.0,1711723.63,1609391.84,1579309.72,94.021711,92.264294,1005,915
2023,excluding price increase,1.0,2417140.3,2314808.51,2284726.39,95.766411,94.521877,1010,920
2023,excluding top 5 and price increase,1.0,1711723.63,1609391.84,1579309.72,94.021711,92.264294,1005,915
2024,reported,1.05,2731778.55,2697550.7,2538154.36,98.747049,92.912156,1205,1073
2024,excluding top 5 customers,1.05,2026361.88,1975238.21,1845279.36,97.477071,91.063663,1200,1068
2024,excluding price increase,1.05,2731778.55,2569095.904762,2531658.25619,94.044808,92.674359,1205,1073
2024,excluding top 5 and price increase,1.05,2026361.88,1881179.247619,1843741.599048,92.835306,90.987776,1200,1068
2025,reported,1.07,3124736.34,2982357.02,2773798.78,95.443477,88.769051,1343,1172
2025,excluding top 5 customers,1.07,2402423.85,2337280.77,2153773.79,97.288444,89.650034,1338,1167
2025,excluding price increase,1.07,3124736.34,2787249.551402,2755077.300841,89.199512,88.169913,1343,1172
2025,excluding top 5 and price increase,1.07,2402423.85,2184374.551402,2152202.310187,90.923779,89.584621,1338,1167
