year,component,arr,order
2023,opening_arr,29005683.6,0
2023,new,5003640.48,1
2023,cross_sell,360985.44,2
2023,upsell,0.0,3
2023,price_increase,0.0,4
2023,downgrade,-79064.4,5
2023,contraction,0.0,6
2023,churn,-1509902.52,7
2023,closing_arr,32781342.6,8
2024,opening_arr,32781342.6,0
2024,new,5126227.68,1
2024,cross_sell,471697.92,2
2024,upsell,0.0,3
2024,price_increase,1518997.08,4
2024,downgrade,-314614.2,5
2024,contraction,0.0,6
2024,churn,-2086815.0,7
2024,closing_arr,37496836.08,8
2025,opening_arr,37496836.08,0
2025,new,5571543.6,1
2025,cross_sell,413062.32,2
2025,upsell,0.0,3
2025,price_increase,2314269.24,4
2025,downgrade,-1529874.12,5
2025,contraction,0.0,6
2025,churn,-2906009.28,7
2025,closing_arr,41359827.84,8
