customer_id,product_line,subscription_id,start_date,end_date,monthly_price
C1021,Analytics Add-on,S50039,2017-02-22,2018-06-01,465.5
C1021,Analytics Add-on,S50040,2019-12-01,2025-03-01,465.5
C1083,Analytics Add-on,S50155,2020-11-01,2021-12-01,517.03
C1083,Analytics Add-on,S50156,2022-10-01,,517.03
C1088,Analytics Add-on,S50166,2017-06-07,2019-02-01,521.66
C1088,Analytics Add-on,S50167,2022-04-01,,521.66
C1103,Analytics Add-on,S50192,2017-08-25,2022-04-01,520.5
C1103,Analytics Add-on,S50193,2024-01-01,,546.52
C1104,Analytics Add-on,S50195,2017-08-14,2019-06-01,495.58
C1104,Analytics Add-on,S50196,2025-08-01,,530.27
C1140,Analytics Add-on,S50261,2017-10-22,2023-04-01,525.56
C1140,Analytics Add-on,S50262,2024-06-01,,551.84
C1321,Analytics Add-on,S50562,2018-11-14,2023-08-01,535.47
C1321,Analytics Add-on,S50563,2025-02-01,,572.96
C1372,Payments Module,S50652,2019-01-24,2023-05-01,672.39
C1372,Payments Module,S50654,2023-10-01,,672.39
C1384,Analytics Add-on,S50672,2019-02-27,2022-05-01,508.03
C1384,Analytics Add-on,S50673,2024-11-01,,533.43
C1624,Analytics Add-on,S51070,2020-03-18,2020-11-01,532.88
C1624,Analytics Add-on,S51071,2025-06-01,,570.18
C1814,Analytics Add-on,S51377,2021-02-23,2022-04-01,513.39
C1814,Analytics Add-on,S51378,2023-07-01,,513.39
C1928,Analytics Add-on,S51567,2021-08-23,2022-01-01,463.8
C1928,Analytics Add-on,S51568,2023-11-01,,463.8
C2129,Analytics Add-on,S51896,2022-06-05,2023-08-01,550.0
C2129,Analytics Add-on,S51897,2024-05-01,,577.5
C2253,Analytics Add-on,S52097,2022-12-13,2023-06-01,539.22
C2253,Analytics Add-on,S52098,2025-05-01,,576.97
