year,component,amount,group,order
2023,net_revenue_prior,28232151.64,total,0
2023,new_customers,2884583.65,recurring,1
2023,full_year_effect_of_prior_year_additions,2039767.8200000008,recurring,2
2023,cross_sell,196902.61,recurring,3
2023,upsell,0.0,recurring,4
2023,price_increase,-1.3926637620897964e-11,recurring,5
2023,billing_gaps,-3911.95,recurring,6
2023,downgrade,-76395.49999999999,recurring,7
2023,contraction,0.0,recurring,8
2023,churn,-1326723.4200000004,recurring,9
2023,credit_notes_change,52150.890000000014,recurring,10
2023,signup_implementation_change,194344.21000000008,one-off,11
2023,other_implementation_change,0.0,one-off,12
2023,net_revenue,32192869.95,total,13
2024,net_revenue_prior,32192869.95,total,0
2024,new_customers,2982907.3600000003,recurring,1
2024,full_year_effect_of_prior_year_additions,2273217.1700000004,recurring,2
2024,cross_sell,278899.86,recurring,3
2024,upsell,403.9847619047615,recurring,4
2024,price_increase,1579728.1352380975,recurring,5
2024,billing_gaps,-1752.8899999999999,recurring,6
2024,downgrade,-196870.77,recurring,7
2024,contraction,0.0,recurring,8
2024,churn,-1772194.6799999997,recurring,9
2024,credit_notes_change,-44320.630000000005,recurring,10
2024,signup_implementation_change,-33988.97999999998,one-off,11
2024,other_implementation_change,0.0,one-off,12
2024,net_revenue,37258898.51,total,13
2025,net_revenue_prior,37258898.51,total,0
2025,new_customers,3068355.96,recurring,1
2025,full_year_effect_of_prior_year_additions,2183163.5699999984,recurring,2
2025,cross_sell,278670.57999999996,recurring,3
2025,upsell,0.0,recurring,4
2025,price_increase,2455688.2200000086,recurring,5
2025,billing_gaps,-1740.79,recurring,6
2025,downgrade,-896690.15,recurring,7
2025,contraction,0.0,recurring,8
2025,churn,-2639571.77,recurring,9
2025,credit_notes_change,-87462.15999999997,recurring,10
2025,signup_implementation_change,60533.06999999983,one-off,11
2025,other_implementation_change,4076574.31,one-off,12
2025,net_revenue,45756419.35,total,13
