year,company_size,recurring_billings,list_equivalent,revenue_given_up,realised_pct_of_list,discount_pct_of_list,share_of_revenue_given_up_pct
2022,Micro (1-9),3267732.19,3291602.044274678,23869.85427467799,99.27482563342684,0.7251743665731567,0.5483307683481922
2022,Small (10-49),6100678.67,6289600.149941693,188921.4799416934,96.99628791277861,3.0037120872213876,4.339844687020143
2022,Medium (50-249),6460927.33,7016870.287794743,555942.9577947427,92.07705237530529,7.922947624694714,12.770946386913801
2022,Large (250+),11748158.44,15332609.424566424,3584450.9845664236,76.62204204573753,23.37795795426247,82.34087815771785
2023,Micro (1-9),3854321.82,3886848.151011591,32526.331011590726,99.16316949497691,0.8368305050230873,0.7040332777647644
2023,Small (10-49),7283026.54,7510194.981841154,227168.44184115453,96.97519914741996,3.024800852580043,4.917066811413496
2023,Medium (50-249),7822748.76,8499053.664395237,676304.9043952376,92.04258578542155,7.957414214578449,14.63863718413529
2023,Large (250+),12331622.72,16015622.130701182,3683999.4107011817,76.99746297311091,23.002537026889087,79.74026272668647
2024,Micro (1-9),4394665.23,4433694.356067641,39029.126067640245,99.11971545773723,0.8802845422627712,0.7665258342508462
2024,Small (10-49),9000377.89,9281139.446913926,280761.55691392557,96.97492362311955,3.025076376880449,5.514112364853809
2024,Medium (50-249),9524788.64,10345530.849590078,820742.2095900775,92.06669796337616,7.933302036623843,16.119246580633327
2024,Large (250+),13516226.25,17467384.24685348,3951157.9968534787,77.37979573235054,22.620204267649456,77.60011522026201
2025,Micro (1-9),4740760.6,4782416.511010317,41655.91101031739,99.12897776857336,0.871022231426636,0.7779018627982649
2025,Small (10-49),10781514.19,11123178.676695704,341664.4866957047,96.92835567398078,3.071644326019225,6.380401585426198
2025,Medium (50-249),11356310.18,12329577.466146097,973267.2861460975,92.106239740831,7.8937602591689995,18.17524611827935
2025,Large (250+),14005348.66,18003666.65287077,3998317.992870769,77.7916461687363,22.208353831263693,74.66645043349618
