year,company_size,revenue,cost_basis_a,cost_basis_b,customers,margin_basis_a_pct,margin_basis_b_pct
2022,Micro (1-9),3395738.42,781740.649616,1670935.997267,329,76.978773,50.793147
2022,Small (10-49),6306600.59,1419314.731691,2299268.301482,418,77.494774,63.541875
2022,Medium (50-249),6762072.44,1542581.214784,1644655.229612,260,77.187745,75.678237
2022,Large (250+),11767740.19,2623435.723908,752212.791639,86,77.706546,93.60784
2023,Micro (1-9),4024419.12,937284.533927,1893686.020852,380,76.710067,52.945109
2023,Small (10-49),7616524.48,1733007.777942,2662883.506991,514,77.246738,65.038076
2023,Medium (50-249),8099367.3,1831946.179842,1858986.401928,314,77.381614,77.047758
2023,Large (250+),12452559.05,2774710.088289,861392.65023,108,77.717752,93.082605
2024,Micro (1-9),4516903.83,1015767.668939,2035953.667022,423,77.51186,54.925902
2024,Small (10-49),9321205.18,2103821.104317,3101166.422495,599,77.429731,66.729984
2024,Medium (50-249),9792742.76,2144093.321513,2129208.772637,352,78.105283,78.257279
2024,Large (250+),13628046.74,3012411.055231,1009764.287846,124,77.895504,92.590543
2025,Micro (1-9),5678883.83,1674557.018772,2808105.018996,443,70.512568,50.551814
2025,Small (10-49),12761233.07,3674483.854615,4691364.363165,682,71.205887,63.237374
2025,Medium (50-249),12785193.46,3350022.964011,3258431.38592,415,73.797636,74.514024
2025,Large (250+),14531108.99,3309069.872602,1250232.941918,132,77.227685,91.396163
