year,product_line,revenue_share_prior_pct,revenue_share_pct,mix_effect_pts,rate_effect_pts
2023,Analytics Add-on,10.905524592173805,11.165484486418087,0.20245860881562394,-0.01761638501555551
2023,Core Platform,74.31000710649343,74.02405947966749,-0.2332834990125335,0.08007379810682368
2023,Implementation Services,3.484890569254537,3.6598284086815323,0.04672444662416412,0.07198495417267917
2023,Payments Module,11.299577732078234,11.150627625232897,-0.09753727636038591,-0.10447128475152481
2024,Analytics Add-on,11.165484486418087,11.187619056642907,0.017203637329346735,-0.02409202457163435
2024,Core Platform,74.02405947966749,74.44119332340404,0.3407598460066669,0.1013383084677055
2024,Implementation Services,3.6598284086815323,3.070984021958947,-0.16885740032464291,0.034385375256673914
2024,Payments Module,11.150627625232897,11.300203597994127,0.09654572187135001,-0.005452513095710663
2025,Analytics Add-on,11.187619056642907,9.998353072616466,-0.9217713819194058,0.022859060791799373
2025,Core Platform,74.44119332340404,69.02820806060298,-4.429278110678698,0.16880029464393165
2025,Implementation Services,3.070984021958947,11.542254125267345,2.5240785563489405,-0.3139923324178558
2025,Payments Module,11.300203597994127,9.431184741513215,-1.2054802615131262,0.12357321098986251
