year,product_line,revenue,cost_of_delivery,gross_profit,gross_margin_pct,hosting_cost,support_staff_cost,third_party_licence_cost
2022,Analytics Add-on,3078864.24,681022.94,2397841.3,77.880709,374562.62,204306.89,102153.43
2023,Analytics Add-on,3594489.9,800746.9,2793743.0,77.722934,440410.8,240224.06,120112.05
2024,Analytics Add-on,4168383.63,937570.01,3230813.62,77.507588,515663.52,281271.01,140635.5
2025,Analytics Add-on,4574888.36,1018543.24,3556345.12,77.736216,560198.76,305562.99,152781.47
2022,Core Platform,20979313.89,3863844.86,17115469.03,81.582597,2125114.67,1159153.45,579576.73
2023,Core Platform,23830469.2,4363175.58,19467293.62,81.690769,2399746.57,1308952.66,654476.32
2024,Core Platform,27735968.67,5040484.95,22695483.72,81.826901,2772266.75,1512145.48,756072.74
2025,Core Platform,31584836.35,5662706.5,25922129.85,82.071439,3114488.59,1698811.96,849405.97
2022,Implementation Services,983859.59,721078.85,262780.74,26.709171,36053.95,648970.97,36053.95
2023,Implementation Services,1178203.8,840341.31,337862.49,28.676065,42017.06,756307.16,42017.06
2024,Implementation Services,1144214.82,803287.42,340927.4,29.795751,40164.39,722958.68,40164.39
2025,Implementation Services,5281322.2,3851384.23,1429937.97,27.075378,192569.2,3466245.83,192569.2
2022,Payments Module,3190113.92,1101125.67,2088988.25,65.483187,165168.86,220225.11,715731.71
2023,Payments Module,3589707.05,1272684.79,2317022.26,64.546277,190902.72,254536.97,827245.1
2024,Payments Module,4210331.39,1494750.77,2715580.62,64.498026,224212.64,298950.13,971588.01
2025,Payments Module,4315372.44,1475499.74,2839872.7,65.808287,221324.97,295099.93,959074.82
