segment,dimension,net_revenue_2024,net_revenue_2025,growth_2025_pct,share_of_2025_revenue_pct,customers_active_dec_2024,churned_2025,opening_mrr,closing_mrr,logo_churn_2025_pct,nrr_2025_pct,grr_2025_pct,small_sample
Germany (EU),region,608900.3,702070.27,15.301350648045343,1.5343645328313915,27,3,49469.42,49337.23,11.11111111111111,99.73278441509927,92.32230739717588,True
Ireland (EU),region,687136.37,754144.14,9.751742583499112,1.648171230863588,35,5,57951.79,54157.03,14.285714285714286,93.45186749192735,85.98164094672485,False
London,region,10516317.83,12412008.52,18.026182934412116,27.12626708191055,290,39,883264.16,887311.97,13.448275862068966,100.45827852904164,93.23119144786764,False
Midlands,region,3123138.7,3866934.11,23.815638095099633,8.451129185658187,157,28,260067.61,237994.28,17.8343949044586,91.5124647779091,83.92559919322518,False
Netherlands (EU),region,1495221.74,1933496.22,29.31167119065563,4.225628332519424,33,3,125771.23,134313.29,9.090909090909092,106.79174402603839,98.29910226686978,False
North East,region,1622938.6,2101416.65,29.482202838727222,4.59261603038875,73,9,135582.42,134697.75,12.32876712328767,99.34750390205456,91.56904707852242,False
North West,region,3010508.81,3795240.61,26.066417656489094,8.29444406689572,148,18,250277.13,238728.09,12.162162162162161,95.38549926635326,87.99156359192708,False
Northern Ireland,region,1020610.57,1476615.96,44.679665624078346,3.2271230594008444,42,9,80447.59,74115.94,21.428571428571427,92.12947211967445,85.35499944746637,False
Scotland,region,1881037.42,2709042.81,44.01854961503106,5.9205743117222305,89,7,154201.04,155330.93,7.865168539325842,100.73273824871738,93.41311187006261,False
South East,region,3596290.39,4712311.7,31.032569369349506,10.298689816514237,182,19,307598.6,310339.08,10.43956043956044,100.89092733191895,92.47855159288763,False
South West,region,4537858.45,5132217.72,13.097792197550806,11.216388416983943,118,13,380151.55,358929.68,11.016949152542374,94.41752374809468,89.85864979374674,False
Wales,region,1167485.45,1493223.68,27.900838507237925,3.2634189939077913,62,7,100605.44,97863.44,11.290322580645162,97.27450125957404,89.59262043881523,False
Yorkshire,region,3991453.88,4667696.96,16.94227467811804,10.20118494040334,87,11,339348.36,249238.31,12.64367816091954,73.44615132367223,70.61929811595377,False
