dimension,segment,retention_12m_2017_2022_pct,customers_2017_2022,retention_12m_2023_plus_pct,customers_2023_plus,change_pts,small_sample
industry,Construction,91.72932330827066,133,78.78787878787878,66,-12.941444520391883,False
industry,Education,91.74311926605505,109,71.42857142857143,56,-20.314547837483616,False
industry,Financial Services,93.63636363636364,110,76.19047619047619,42,-17.44588744588745,False
industry,Healthcare,92.92035398230088,113,77.04918032786885,61,-15.871173654432027,False
industry,Hospitality,94.11764705882352,119,80.0,55,-14.117647058823522,False
industry,Logistics,89.65517241379311,116,85.96491228070175,57,-3.690260133091357,False
industry,Manufacturing,92.53731343283582,134,80.0,55,-12.537313432835816,False
industry,Professional Services,91.81818181818183,110,79.1044776119403,67,-12.71370420624153,False
industry,Retail,93.27731092436974,119,75.0,64,-18.277310924369743,False
industry,Technology,93.85964912280701,114,82.25806451612904,62,-11.601584606677974,False
industry,Unknown,92.6829268292683,82,78.57142857142857,28,-14.111498257839727,True
region_group,EU,91.20879120879121,91,84.61538461538461,39,-6.593406593406598,False
region_group,UK,92.63698630136986,1168,78.22299651567944,574,-14.413989785690418,False
acquisition_channel,Direct Sales,96.0,350,81.75675675675676,148,-14.243243243243242,False
acquisition_channel,Inbound/Website,90.93655589123867,331,78.82352941176471,170,-12.113026479473959,False
acquisition_channel,Paid Search,89.95433789954338,219,71.31147540983606,122,-18.642862489707312,False
acquisition_channel,Partner/Reseller,91.38755980861244,209,79.04761904761905,105,-12.339940760993386,False
acquisition_channel,Referral,93.33333333333333,150,83.82352941176471,68,-9.509803921568619,False
company_size,Large (250+),98.87640449438202,89,87.2340425531915,47,-11.642361941190515,False
company_size,Medium (50-249),95.37366548042705,281,86.04651162790698,129,-9.32715385252007,False
company_size,Micro (1-9),91.29353233830845,402,66.12903225806451,186,-25.16450008024394,False
company_size,Small (10-49),90.75975359342917,487,82.47011952191235,251,-8.289634071516815,False
