segment,dimension,net_revenue_2024,net_revenue_2025,growth_2025_pct,share_of_2025_revenue_pct,customers_active_dec_2024,churned_2025,opening_mrr,closing_mrr,logo_churn_2025_pct,nrr_2025_pct,closing_mrr_capped,grr_2025_pct,small_sample,flag
Construction,industry,3909763.93,4758042.59,21.696416,10.398634,146,22,327367.38,318244.77,15.068493,97.213342,294969.42,90.103486,False,
Education,industry,3195148.58,3860238.31,20.815612,8.436496,116,16,268025.37,264773.25,13.793103,98.786637,244667.29,91.285123,False,
Financial Services,industry,4238079.86,4686039.75,10.569878,10.241273,109,16,357940.44,329751.24,14.678899,92.124612,317695.18,88.756437,False,
Healthcare,industry,5078933.56,5434927.77,7.009231,11.877957,123,13,425751.53,337995.38,10.569106,79.387943,319961.79,75.152235,False,risk
Hospitality,industry,2548317.66,3876245.79,52.109992,8.47148,122,11,219929.67,219323.31,9.016393,99.724294,202355.02,92.008968,False,
Logistics,industry,2484343.46,3286180.34,32.275605,7.1819,122,12,204702.24,199780.25,9.836066,97.595537,184551.28,90.155965,False,
Manufacturing,industry,2669583.46,3744853.4,40.278566,8.184324,132,20,224792.53,224252.01,15.151515,99.759547,204790.38,91.101951,False,
Professional Services,industry,2519301.21,3160364.25,25.446066,6.906931,125,15,209867.94,199196.26,12.0,94.91505,184441.36,87.884486,False,
Retail,industry,4788080.71,5833270.97,21.829003,12.74853,135,16,405055.35,410926.89,11.851852,101.449565,380675.12,93.981013,False,strength
Technology,industry,3998957.54,5010330.59,25.290917,10.950006,132,22,331559.06,333514.53,16.666667,100.58978,307345.03,92.696918,False,strength
Unknown,industry,1828388.54,2105925.59,15.179326,4.60247,81,8,149744.83,144599.13,9.876543,96.563688,132346.91,88.381622,False,
EU,region_group,2791258.41,3389710.63,21.44023,7.408164,95,11,233192.44,237807.55,11.578947,101.979099,219131.2,93.970113,False,strength
UK,region_group,34467640.1,42366708.72,22.917347,92.591836,1248,160,2891543.9,2744549.47,12.820513,94.916403,2554667.58,88.349604,False,
Direct Sales,acquisition_channel,11844553.2,15074613.21,27.270425,32.945352,384,33,1004264.57,1040537.82,8.59375,103.611922,959580.1,95.550528,False,strength
Inbound/Website,acquisition_channel,12801047.73,14959616.97,16.862442,32.694029,351,33,1073235.89,980215.68,9.401709,91.332734,925325.02,86.218233,False,
Paid Search,acquisition_channel,4818103.04,6339511.82,31.576925,13.854912,221,43,402322.6,369869.04,19.457014,91.933448,340210.18,84.561538,False,risk
Partner/Reseller,acquisition_channel,4361213.16,5149402.17,18.072701,11.253945,223,44,356936.05,309699.27,19.730942,86.766038,287627.72,80.582424,False,risk
Referral,acquisition_channel,3433981.38,4233275.18,23.276009,9.251762,164,18,287977.23,282035.21,10.97561,97.936635,261055.76,90.651528,False,
Large (250+),company_size,13628046.74,14531108.99,6.626498,31.757531,117,5,1135206.75,1075853.03,4.273504,94.77155,1020918.75,89.932407,False,strength
Medium (50-249),company_size,9792742.76,12785193.46,30.55784,27.941857,330,34,829786.84,807264.26,10.30303,97.285739,748682.86,90.225926,False,
Micro (1-9),company_size,4516903.83,5678883.83,25.725144,12.411119,353,59,364485.24,338327.05,16.713881,92.823251,308834.34,84.731645,False,
Small (10-49),company_size,9321205.18,12761233.07,36.905398,27.889492,543,73,795257.51,760912.68,13.443831,95.681294,695362.83,87.4387,False,
