source_id,publisher,title,year,url,accessed_date,segment,metric,statistic,value,definition_notes,comparability
SC25,SaaS Capital,2025 B2B SaaS Retention Benchmarks (Research Brief 32),2025,https://www.saas-capital.com/wp-content/uploads/2025/09/RB32WS1-2025-B2B-SaaS-Retention-Benchmarks.pdf,2026-09-26,SMB: ACV under $12k,NRR,lower_quartile,90.0,"Q1 2025 survey of 1,000+ private B2B SaaS companies; ACV bands exclude companies under $1M ARR. Median of self-reported company figures. NRR: December MRR from customers active the previous December over their MRR then, including upsell, cross-sell and price increases. GRR: same, excluding expansion and price increases, each customer capped at opening MRR.",high
SC25,SaaS Capital,2025 B2B SaaS Retention Benchmarks (Research Brief 32),2025,https://www.saas-capital.com/wp-content/uploads/2025/09/RB32WS1-2025-B2B-SaaS-Retention-Benchmarks.pdf,2026-09-26,SMB: ACV under $12k,NRR,median,98.0,"Q1 2025 survey of 1,000+ private B2B SaaS companies; ACV bands exclude companies under $1M ARR. Median of self-reported company figures. NRR: December MRR from customers active the previous December over their MRR then, including upsell, cross-sell and price increases. GRR: same, excluding expansion and price increases, each customer capped at opening MRR.",high
SC25,SaaS Capital,2025 B2B SaaS Retention Benchmarks (Research Brief 32),2025,https://www.saas-capital.com/wp-content/uploads/2025/09/RB32WS1-2025-B2B-SaaS-Retention-Benchmarks.pdf,2026-09-26,SMB: ACV under $12k,NRR,upper_quartile,106.0,"Q1 2025 survey of 1,000+ private B2B SaaS companies; ACV bands exclude companies under $1M ARR. Median of self-reported company figures. NRR: December MRR from customers active the previous December over their MRR then, including upsell, cross-sell and price increases. GRR: same, excluding expansion and price increases, each customer capped at opening MRR.",high
SC25,SaaS Capital,2025 B2B SaaS Retention Benchmarks (Research Brief 32),2025,https://www.saas-capital.com/wp-content/uploads/2025/09/RB32WS1-2025-B2B-SaaS-Retention-Benchmarks.pdf,2026-09-26,SMB: ACV under $12k,GRR,median,90.0,"Q1 2025 survey of 1,000+ private B2B SaaS companies; ACV bands exclude companies under $1M ARR. Median of self-reported company figures. NRR: December MRR from customers active the previous December over their MRR then, including upsell, cross-sell and price increases. GRR: same, excluding expansion and price increases, each customer capped at opening MRR.",high
SC25,SaaS Capital,2025 B2B SaaS Retention Benchmarks (Research Brief 32),2025,https://www.saas-capital.com/wp-content/uploads/2025/09/RB32WS1-2025-B2B-SaaS-Retention-Benchmarks.pdf,2026-09-26,SMB: ACV $12k to $25k,NRR,lower_quartile,98.0,"Q1 2025 survey of 1,000+ private B2B SaaS companies; ACV bands exclude companies under $1M ARR. Median of self-reported company figures. NRR: December MRR from customers active the previous December over their MRR then, including upsell, cross-sell and price increases. GRR: same, excluding expansion and price increases, each customer capped at opening MRR.",high
SC25,SaaS Capital,2025 B2B SaaS Retention Benchmarks (Research Brief 32),2025,https://www.saas-capital.com/wp-content/uploads/2025/09/RB32WS1-2025-B2B-SaaS-Retention-Benchmarks.pdf,2026-09-26,SMB: ACV $12k to $25k,NRR,median,103.0,"Q1 2025 survey of 1,000+ private B2B SaaS companies; ACV bands exclude companies under $1M ARR. Median of self-reported company figures. NRR: December MRR from customers active the previous December over their MRR then, including upsell, cross-sell and price increases. GRR: same, excluding expansion and price increases, each customer capped at opening MRR.",high
SC25,SaaS Capital,2025 B2B SaaS Retention Benchmarks (Research Brief 32),2025,https://www.saas-capital.com/wp-content/uploads/2025/09/RB32WS1-2025-B2B-SaaS-Retention-Benchmarks.pdf,2026-09-26,SMB: ACV $12k to $25k,NRR,upper_quartile,115.0,"Q1 2025 survey of 1,000+ private B2B SaaS companies; ACV bands exclude companies under $1M ARR. Median of self-reported company figures. NRR: December MRR from customers active the previous December over their MRR then, including upsell, cross-sell and price increases. GRR: same, excluding expansion and price increases, each customer capped at opening MRR.",high
SC25,SaaS Capital,2025 B2B SaaS Retention Benchmarks (Research Brief 32),2025,https://www.saas-capital.com/wp-content/uploads/2025/09/RB32WS1-2025-B2B-SaaS-Retention-Benchmarks.pdf,2026-09-26,SMB: ACV $12k to $25k,GRR,median,91.0,"Q1 2025 survey of 1,000+ private B2B SaaS companies; ACV bands exclude companies under $1M ARR. Median of self-reported company figures. NRR: December MRR from customers active the previous December over their MRR then, including upsell, cross-sell and price increases. GRR: same, excluding expansion and price increases, each customer capped at opening MRR.",high
SC25,SaaS Capital,2025 B2B SaaS Retention Benchmarks (Research Brief 32),2025,https://www.saas-capital.com/wp-content/uploads/2025/09/RB32WS1-2025-B2B-SaaS-Retention-Benchmarks.pdf,2026-09-26,SMB: ACV $25k to $50k,NRR,lower_quartile,97.0,"Q1 2025 survey of 1,000+ private B2B SaaS companies; ACV bands exclude companies under $1M ARR. Median of self-reported company figures. NRR: December MRR from customers active the previous December over their MRR then, including upsell, cross-sell and price increases. GRR: same, excluding expansion and price increases, each customer capped at opening MRR.",high
SC25,SaaS Capital,2025 B2B SaaS Retention Benchmarks (Research Brief 32),2025,https://www.saas-capital.com/wp-content/uploads/2025/09/RB32WS1-2025-B2B-SaaS-Retention-Benchmarks.pdf,2026-09-26,SMB: ACV $25k to $50k,NRR,median,102.0,"Q1 2025 survey of 1,000+ private B2B SaaS companies; ACV bands exclude companies under $1M ARR. Median of self-reported company figures. NRR: December MRR from customers active the previous December over their MRR then, including upsell, cross-sell and price increases. GRR: same, excluding expansion and price increases, each customer capped at opening MRR.",high
SC25,SaaS Capital,2025 B2B SaaS Retention Benchmarks (Research Brief 32),2025,https://www.saas-capital.com/wp-content/uploads/2025/09/RB32WS1-2025-B2B-SaaS-Retention-Benchmarks.pdf,2026-09-26,SMB: ACV $25k to $50k,NRR,upper_quartile,111.0,"Q1 2025 survey of 1,000+ private B2B SaaS companies; ACV bands exclude companies under $1M ARR. Median of self-reported company figures. NRR: December MRR from customers active the previous December over their MRR then, including upsell, cross-sell and price increases. GRR: same, excluding expansion and price increases, each customer capped at opening MRR.",high
SC25,SaaS Capital,2025 B2B SaaS Retention Benchmarks (Research Brief 32),2025,https://www.saas-capital.com/wp-content/uploads/2025/09/RB32WS1-2025-B2B-SaaS-Retention-Benchmarks.pdf,2026-09-26,SMB: ACV $25k to $50k,GRR,median,91.0,"Q1 2025 survey of 1,000+ private B2B SaaS companies; ACV bands exclude companies under $1M ARR. Median of self-reported company figures. NRR: December MRR from customers active the previous December over their MRR then, including upsell, cross-sell and price increases. GRR: same, excluding expansion and price increases, each customer capped at opening MRR.",high
SC25,SaaS Capital,2025 B2B SaaS Retention Benchmarks (Research Brief 32),2025,https://www.saas-capital.com/wp-content/uploads/2025/09/RB32WS1-2025-B2B-SaaS-Retention-Benchmarks.pdf,2026-09-26,Mid-market: ACV $50k to $100k,NRR,lower_quartile,96.0,"Q1 2025 survey of 1,000+ private B2B SaaS companies; ACV bands exclude companies under $1M ARR. Median of self-reported company figures. NRR: December MRR from customers active the previous December over their MRR then, including upsell, cross-sell and price increases. GRR: same, excluding expansion and price increases, each customer capped at opening MRR.",high
SC25,SaaS Capital,2025 B2B SaaS Retention Benchmarks (Research Brief 32),2025,https://www.saas-capital.com/wp-content/uploads/2025/09/RB32WS1-2025-B2B-SaaS-Retention-Benchmarks.pdf,2026-09-26,Mid-market: ACV $50k to $100k,NRR,median,104.0,"Q1 2025 survey of 1,000+ private B2B SaaS companies; ACV bands exclude companies under $1M ARR. Median of self-reported company figures. NRR: December MRR from customers active the previous December over their MRR then, including upsell, cross-sell and price increases. GRR: same, excluding expansion and price increases, each customer capped at opening MRR.",high
SC25,SaaS Capital,2025 B2B SaaS Retention Benchmarks (Research Brief 32),2025,https://www.saas-capital.com/wp-content/uploads/2025/09/RB32WS1-2025-B2B-SaaS-Retention-Benchmarks.pdf,2026-09-26,Mid-market: ACV $50k to $100k,NRR,upper_quartile,110.0,"Q1 2025 survey of 1,000+ private B2B SaaS companies; ACV bands exclude companies under $1M ARR. Median of self-reported company figures. NRR: December MRR from customers active the previous December over their MRR then, including upsell, cross-sell and price increases. GRR: same, excluding expansion and price increases, each customer capped at opening MRR.",high
SC25,SaaS Capital,2025 B2B SaaS Retention Benchmarks (Research Brief 32),2025,https://www.saas-capital.com/wp-content/uploads/2025/09/RB32WS1-2025-B2B-SaaS-Retention-Benchmarks.pdf,2026-09-26,Mid-market: ACV $50k to $100k,GRR,median,90.0,"Q1 2025 survey of 1,000+ private B2B SaaS companies; ACV bands exclude companies under $1M ARR. Median of self-reported company figures. NRR: December MRR from customers active the previous December over their MRR then, including upsell, cross-sell and price increases. GRR: same, excluding expansion and price increases, each customer capped at opening MRR.",high
SC25,SaaS Capital,2025 B2B SaaS Retention Benchmarks (Research Brief 32),2025,https://www.saas-capital.com/wp-content/uploads/2025/09/RB32WS1-2025-B2B-SaaS-Retention-Benchmarks.pdf,2026-09-26,Mid-market: ACV $100k to $250k,NRR,lower_quartile,94.0,"Q1 2025 survey of 1,000+ private B2B SaaS companies; ACV bands exclude companies under $1M ARR. Median of self-reported company figures. NRR: December MRR from customers active the previous December over their MRR then, including upsell, cross-sell and price increases. GRR: same, excluding expansion and price increases, each customer capped at opening MRR.",high
SC25,SaaS Capital,2025 B2B SaaS Retention Benchmarks (Research Brief 32),2025,https://www.saas-capital.com/wp-content/uploads/2025/09/RB32WS1-2025-B2B-SaaS-Retention-Benchmarks.pdf,2026-09-26,Mid-market: ACV $100k to $250k,NRR,median,102.0,"Q1 2025 survey of 1,000+ private B2B SaaS companies; ACV bands exclude companies under $1M ARR. Median of self-reported company figures. NRR: December MRR from customers active the previous December over their MRR then, including upsell, cross-sell and price increases. GRR: same, excluding expansion and price increases, each customer capped at opening MRR.",high
SC25,SaaS Capital,2025 B2B SaaS Retention Benchmarks (Research Brief 32),2025,https://www.saas-capital.com/wp-content/uploads/2025/09/RB32WS1-2025-B2B-SaaS-Retention-Benchmarks.pdf,2026-09-26,Mid-market: ACV $100k to $250k,NRR,upper_quartile,109.0,"Q1 2025 survey of 1,000+ private B2B SaaS companies; ACV bands exclude companies under $1M ARR. Median of self-reported company figures. NRR: December MRR from customers active the previous December over their MRR then, including upsell, cross-sell and price increases. GRR: same, excluding expansion and price increases, each customer capped at opening MRR.",high
SC25,SaaS Capital,2025 B2B SaaS Retention Benchmarks (Research Brief 32),2025,https://www.saas-capital.com/wp-content/uploads/2025/09/RB32WS1-2025-B2B-SaaS-Retention-Benchmarks.pdf,2026-09-26,Mid-market: ACV $100k to $250k,GRR,median,91.0,"Q1 2025 survey of 1,000+ private B2B SaaS companies; ACV bands exclude companies under $1M ARR. Median of self-reported company figures. NRR: December MRR from customers active the previous December over their MRR then, including upsell, cross-sell and price increases. GRR: same, excluding expansion and price increases, each customer capped at opening MRR.",high
SC25,SaaS Capital,2025 B2B SaaS Retention Benchmarks (Research Brief 32),2025,https://www.saas-capital.com/wp-content/uploads/2025/09/RB32WS1-2025-B2B-SaaS-Retention-Benchmarks.pdf,2026-09-26,Enterprise: ACV over $250k,NRR,lower_quartile,102.0,"Q1 2025 survey of 1,000+ private B2B SaaS companies; ACV bands exclude companies under $1M ARR. Median of self-reported company figures. NRR: December MRR from customers active the previous December over their MRR then, including upsell, cross-sell and price increases. GRR: same, excluding expansion and price increases, each customer capped at opening MRR.",high
SC25,SaaS Capital,2025 B2B SaaS Retention Benchmarks (Research Brief 32),2025,https://www.saas-capital.com/wp-content/uploads/2025/09/RB32WS1-2025-B2B-SaaS-Retention-Benchmarks.pdf,2026-09-26,Enterprise: ACV over $250k,NRR,median,106.0,"Q1 2025 survey of 1,000+ private B2B SaaS companies; ACV bands exclude companies under $1M ARR. Median of self-reported company figures. NRR: December MRR from customers active the previous December over their MRR then, including upsell, cross-sell and price increases. GRR: same, excluding expansion and price increases, each customer capped at opening MRR.",high
SC25,SaaS Capital,2025 B2B SaaS Retention Benchmarks (Research Brief 32),2025,https://www.saas-capital.com/wp-content/uploads/2025/09/RB32WS1-2025-B2B-SaaS-Retention-Benchmarks.pdf,2026-09-26,Enterprise: ACV over $250k,NRR,upper_quartile,110.0,"Q1 2025 survey of 1,000+ private B2B SaaS companies; ACV bands exclude companies under $1M ARR. Median of self-reported company figures. NRR: December MRR from customers active the previous December over their MRR then, including upsell, cross-sell and price increases. GRR: same, excluding expansion and price increases, each customer capped at opening MRR.",high
SC25,SaaS Capital,2025 B2B SaaS Retention Benchmarks (Research Brief 32),2025,https://www.saas-capital.com/wp-content/uploads/2025/09/RB32WS1-2025-B2B-SaaS-Retention-Benchmarks.pdf,2026-09-26,Enterprise: ACV over $250k,GRR,median,95.0,"Q1 2025 survey of 1,000+ private B2B SaaS companies; ACV bands exclude companies under $1M ARR. Median of self-reported company figures. NRR: December MRR from customers active the previous December over their MRR then, including upsell, cross-sell and price increases. GRR: same, excluding expansion and price increases, each customer capped at opening MRR.",high
SC25,SaaS Capital,2025 B2B SaaS Retention Benchmarks (Research Brief 32),2025,https://www.saas-capital.com/wp-content/uploads/2025/09/RB32WS1-2025-B2B-SaaS-Retention-Benchmarks.pdf,2026-09-26,All companies,NRR,median,101.0,"Q1 2025 survey of 1,000+ private B2B SaaS companies; ACV bands exclude companies under $1M ARR. Median of self-reported company figures. NRR: December MRR from customers active the previous December over their MRR then, including upsell, cross-sell and price increases. GRR: same, excluding expansion and price increases, each customer capped at opening MRR.",high
SC25,SaaS Capital,2025 B2B SaaS Retention Benchmarks (Research Brief 32),2025,https://www.saas-capital.com/wp-content/uploads/2025/09/RB32WS1-2025-B2B-SaaS-Retention-Benchmarks.pdf,2026-09-26,All companies,GRR,median,91.0,"Q1 2025 survey of 1,000+ private B2B SaaS companies; ACV bands exclude companies under $1M ARR. Median of self-reported company figures. NRR: December MRR from customers active the previous December over their MRR then, including upsell, cross-sell and price increases. GRR: same, excluding expansion and price increases, each customer capped at opening MRR.",high
SC23,SaaS Capital,2023 B2B SaaS Retention Benchmarks (Research Brief 28),2023,https://www.saas-capital.com/wp-content/uploads/2023/05/RB28WS1-2023-B2B-SaaS-Retention-Benchmarks.pdf,2026-09-26,SMB: ACV under $12k,NRR,lower_quartile,93.0,"Earlier edition, context only. Q1 2023 survey of 1,500+ private B2B SaaS companies; ACV bands exclude companies under $1M ARR. Same December-to-December MRR definitions as the 2025 edition.",high
SC23,SaaS Capital,2023 B2B SaaS Retention Benchmarks (Research Brief 28),2023,https://www.saas-capital.com/wp-content/uploads/2023/05/RB28WS1-2023-B2B-SaaS-Retention-Benchmarks.pdf,2026-09-26,SMB: ACV under $12k,NRR,median,100.0,"Earlier edition, context only. Q1 2023 survey of 1,500+ private B2B SaaS companies; ACV bands exclude companies under $1M ARR. Same December-to-December MRR definitions as the 2025 edition.",high
SC23,SaaS Capital,2023 B2B SaaS Retention Benchmarks (Research Brief 28),2023,https://www.saas-capital.com/wp-content/uploads/2023/05/RB28WS1-2023-B2B-SaaS-Retention-Benchmarks.pdf,2026-09-26,SMB: ACV under $12k,NRR,upper_quartile,105.0,"Earlier edition, context only. Q1 2023 survey of 1,500+ private B2B SaaS companies; ACV bands exclude companies under $1M ARR. Same December-to-December MRR definitions as the 2025 edition.",high
SC23,SaaS Capital,2023 B2B SaaS Retention Benchmarks (Research Brief 28),2023,https://www.saas-capital.com/wp-content/uploads/2023/05/RB28WS1-2023-B2B-SaaS-Retention-Benchmarks.pdf,2026-09-26,SMB: ACV under $12k,GRR,median,90.0,"Earlier edition, context only. Q1 2023 survey of 1,500+ private B2B SaaS companies; ACV bands exclude companies under $1M ARR. Same December-to-December MRR definitions as the 2025 edition.",high
SC23,SaaS Capital,2023 B2B SaaS Retention Benchmarks (Research Brief 28),2023,https://www.saas-capital.com/wp-content/uploads/2023/05/RB28WS1-2023-B2B-SaaS-Retention-Benchmarks.pdf,2026-09-26,SMB: ACV $12k to $25k,NRR,lower_quartile,96.0,"Earlier edition, context only. Q1 2023 survey of 1,500+ private B2B SaaS companies; ACV bands exclude companies under $1M ARR. Same December-to-December MRR definitions as the 2025 edition.",high
SC23,SaaS Capital,2023 B2B SaaS Retention Benchmarks (Research Brief 28),2023,https://www.saas-capital.com/wp-content/uploads/2023/05/RB28WS1-2023-B2B-SaaS-Retention-Benchmarks.pdf,2026-09-26,SMB: ACV $12k to $25k,NRR,median,102.0,"Earlier edition, context only. Q1 2023 survey of 1,500+ private B2B SaaS companies; ACV bands exclude companies under $1M ARR. Same December-to-December MRR definitions as the 2025 edition.",high
SC23,SaaS Capital,2023 B2B SaaS Retention Benchmarks (Research Brief 28),2023,https://www.saas-capital.com/wp-content/uploads/2023/05/RB28WS1-2023-B2B-SaaS-Retention-Benchmarks.pdf,2026-09-26,SMB: ACV $12k to $25k,NRR,upper_quartile,108.0,"Earlier edition, context only. Q1 2023 survey of 1,500+ private B2B SaaS companies; ACV bands exclude companies under $1M ARR. Same December-to-December MRR definitions as the 2025 edition.",high
SC23,SaaS Capital,2023 B2B SaaS Retention Benchmarks (Research Brief 28),2023,https://www.saas-capital.com/wp-content/uploads/2023/05/RB28WS1-2023-B2B-SaaS-Retention-Benchmarks.pdf,2026-09-26,SMB: ACV $12k to $25k,GRR,median,90.0,"Earlier edition, context only. Q1 2023 survey of 1,500+ private B2B SaaS companies; ACV bands exclude companies under $1M ARR. Same December-to-December MRR definitions as the 2025 edition.",high
SC23,SaaS Capital,2023 B2B SaaS Retention Benchmarks (Research Brief 28),2023,https://www.saas-capital.com/wp-content/uploads/2023/05/RB28WS1-2023-B2B-SaaS-Retention-Benchmarks.pdf,2026-09-26,SMB: ACV $25k to $50k,NRR,lower_quartile,97.0,"Earlier edition, context only. Q1 2023 survey of 1,500+ private B2B SaaS companies; ACV bands exclude companies under $1M ARR. Same December-to-December MRR definitions as the 2025 edition.",high
SC23,SaaS Capital,2023 B2B SaaS Retention Benchmarks (Research Brief 28),2023,https://www.saas-capital.com/wp-content/uploads/2023/05/RB28WS1-2023-B2B-SaaS-Retention-Benchmarks.pdf,2026-09-26,SMB: ACV $25k to $50k,NRR,median,103.0,"Earlier edition, context only. Q1 2023 survey of 1,500+ private B2B SaaS companies; ACV bands exclude companies under $1M ARR. Same December-to-December MRR definitions as the 2025 edition.",high
SC23,SaaS Capital,2023 B2B SaaS Retention Benchmarks (Research Brief 28),2023,https://www.saas-capital.com/wp-content/uploads/2023/05/RB28WS1-2023-B2B-SaaS-Retention-Benchmarks.pdf,2026-09-26,SMB: ACV $25k to $50k,NRR,upper_quartile,111.0,"Earlier edition, context only. Q1 2023 survey of 1,500+ private B2B SaaS companies; ACV bands exclude companies under $1M ARR. Same December-to-December MRR definitions as the 2025 edition.",high
SC23,SaaS Capital,2023 B2B SaaS Retention Benchmarks (Research Brief 28),2023,https://www.saas-capital.com/wp-content/uploads/2023/05/RB28WS1-2023-B2B-SaaS-Retention-Benchmarks.pdf,2026-09-26,SMB: ACV $25k to $50k,GRR,median,92.0,"Earlier edition, context only. Q1 2023 survey of 1,500+ private B2B SaaS companies; ACV bands exclude companies under $1M ARR. Same December-to-December MRR definitions as the 2025 edition.",high
SC23,SaaS Capital,2023 B2B SaaS Retention Benchmarks (Research Brief 28),2023,https://www.saas-capital.com/wp-content/uploads/2023/05/RB28WS1-2023-B2B-SaaS-Retention-Benchmarks.pdf,2026-09-26,Mid-market: ACV $50k to $100k,NRR,lower_quartile,98.0,"Earlier edition, context only. Q1 2023 survey of 1,500+ private B2B SaaS companies; ACV bands exclude companies under $1M ARR. Same December-to-December MRR definitions as the 2025 edition.",high
SC23,SaaS Capital,2023 B2B SaaS Retention Benchmarks (Research Brief 28),2023,https://www.saas-capital.com/wp-content/uploads/2023/05/RB28WS1-2023-B2B-SaaS-Retention-Benchmarks.pdf,2026-09-26,Mid-market: ACV $50k to $100k,NRR,median,105.0,"Earlier edition, context only. Q1 2023 survey of 1,500+ private B2B SaaS companies; ACV bands exclude companies under $1M ARR. Same December-to-December MRR definitions as the 2025 edition.",high
SC23,SaaS Capital,2023 B2B SaaS Retention Benchmarks (Research Brief 28),2023,https://www.saas-capital.com/wp-content/uploads/2023/05/RB28WS1-2023-B2B-SaaS-Retention-Benchmarks.pdf,2026-09-26,Mid-market: ACV $50k to $100k,NRR,upper_quartile,113.0,"Earlier edition, context only. Q1 2023 survey of 1,500+ private B2B SaaS companies; ACV bands exclude companies under $1M ARR. Same December-to-December MRR definitions as the 2025 edition.",high
SC23,SaaS Capital,2023 B2B SaaS Retention Benchmarks (Research Brief 28),2023,https://www.saas-capital.com/wp-content/uploads/2023/05/RB28WS1-2023-B2B-SaaS-Retention-Benchmarks.pdf,2026-09-26,Mid-market: ACV $50k to $100k,GRR,median,93.0,"Earlier edition, context only. Q1 2023 survey of 1,500+ private B2B SaaS companies; ACV bands exclude companies under $1M ARR. Same December-to-December MRR definitions as the 2025 edition.",high
SC23,SaaS Capital,2023 B2B SaaS Retention Benchmarks (Research Brief 28),2023,https://www.saas-capital.com/wp-content/uploads/2023/05/RB28WS1-2023-B2B-SaaS-Retention-Benchmarks.pdf,2026-09-26,Mid-market: ACV $100k to $250k,NRR,lower_quartile,101.0,"Earlier edition, context only. Q1 2023 survey of 1,500+ private B2B SaaS companies; ACV bands exclude companies under $1M ARR. Same December-to-December MRR definitions as the 2025 edition.",high
SC23,SaaS Capital,2023 B2B SaaS Retention Benchmarks (Research Brief 28),2023,https://www.saas-capital.com/wp-content/uploads/2023/05/RB28WS1-2023-B2B-SaaS-Retention-Benchmarks.pdf,2026-09-26,Mid-market: ACV $100k to $250k,NRR,median,107.0,"Earlier edition, context only. Q1 2023 survey of 1,500+ private B2B SaaS companies; ACV bands exclude companies under $1M ARR. Same December-to-December MRR definitions as the 2025 edition.",high
SC23,SaaS Capital,2023 B2B SaaS Retention Benchmarks (Research Brief 28),2023,https://www.saas-capital.com/wp-content/uploads/2023/05/RB28WS1-2023-B2B-SaaS-Retention-Benchmarks.pdf,2026-09-26,Mid-market: ACV $100k to $250k,NRR,upper_quartile,118.0,"Earlier edition, context only. Q1 2023 survey of 1,500+ private B2B SaaS companies; ACV bands exclude companies under $1M ARR. Same December-to-December MRR definitions as the 2025 edition.",high
SC23,SaaS Capital,2023 B2B SaaS Retention Benchmarks (Research Brief 28),2023,https://www.saas-capital.com/wp-content/uploads/2023/05/RB28WS1-2023-B2B-SaaS-Retention-Benchmarks.pdf,2026-09-26,Mid-market: ACV $100k to $250k,GRR,median,93.0,"Earlier edition, context only. Q1 2023 survey of 1,500+ private B2B SaaS companies; ACV bands exclude companies under $1M ARR. Same December-to-December MRR definitions as the 2025 edition.",high
SC23,SaaS Capital,2023 B2B SaaS Retention Benchmarks (Research Brief 28),2023,https://www.saas-capital.com/wp-content/uploads/2023/05/RB28WS1-2023-B2B-SaaS-Retention-Benchmarks.pdf,2026-09-26,Enterprise: ACV over $250k,NRR,lower_quartile,103.0,"Earlier edition, context only. Q1 2023 survey of 1,500+ private B2B SaaS companies; ACV bands exclude companies under $1M ARR. Same December-to-December MRR definitions as the 2025 edition.",high
SC23,SaaS Capital,2023 B2B SaaS Retention Benchmarks (Research Brief 28),2023,https://www.saas-capital.com/wp-content/uploads/2023/05/RB28WS1-2023-B2B-SaaS-Retention-Benchmarks.pdf,2026-09-26,Enterprise: ACV over $250k,NRR,median,110.0,"Earlier edition, context only. Q1 2023 survey of 1,500+ private B2B SaaS companies; ACV bands exclude companies under $1M ARR. Same December-to-December MRR definitions as the 2025 edition.",high
SC23,SaaS Capital,2023 B2B SaaS Retention Benchmarks (Research Brief 28),2023,https://www.saas-capital.com/wp-content/uploads/2023/05/RB28WS1-2023-B2B-SaaS-Retention-Benchmarks.pdf,2026-09-26,Enterprise: ACV over $250k,NRR,upper_quartile,120.0,"Earlier edition, context only. Q1 2023 survey of 1,500+ private B2B SaaS companies; ACV bands exclude companies under $1M ARR. Same December-to-December MRR definitions as the 2025 edition.",high
SC23,SaaS Capital,2023 B2B SaaS Retention Benchmarks (Research Brief 28),2023,https://www.saas-capital.com/wp-content/uploads/2023/05/RB28WS1-2023-B2B-SaaS-Retention-Benchmarks.pdf,2026-09-26,Enterprise: ACV over $250k,GRR,median,93.0,"Earlier edition, context only. Q1 2023 survey of 1,500+ private B2B SaaS companies; ACV bands exclude companies under $1M ARR. Same December-to-December MRR definitions as the 2025 edition.",high
SC23,SaaS Capital,2023 B2B SaaS Retention Benchmarks (Research Brief 28),2023,https://www.saas-capital.com/wp-content/uploads/2023/05/RB28WS1-2023-B2B-SaaS-Retention-Benchmarks.pdf,2026-09-26,All companies,NRR,median,102.0,"Earlier edition, context only. Q1 2023 survey of 1,500+ private B2B SaaS companies; ACV bands exclude companies under $1M ARR. Same December-to-December MRR definitions as the 2025 edition.",high
SC23,SaaS Capital,2023 B2B SaaS Retention Benchmarks (Research Brief 28),2023,https://www.saas-capital.com/wp-content/uploads/2023/05/RB28WS1-2023-B2B-SaaS-Retention-Benchmarks.pdf,2026-09-26,All companies,GRR,median,91.0,"Earlier edition, context only. Q1 2023 survey of 1,500+ private B2B SaaS companies; ACV bands exclude companies under $1M ARR. Same December-to-December MRR definitions as the 2025 edition.",high
HA25,High Alpha,2025 SaaS Benchmarks Report,2025,https://2994607.fs1.hubspotusercontent-na1.net/hubfs/2994607/2025%20SaaS%20Benchmarks%20Report.pdf,2026-09-26,SMB: ACV under $1k,NRR,median,98.0,"Survey of 800+ respondents (69% US, 17% Europe; 23% under $1M ARR). Median by average contract value. Annual NRR and GRR seen in cohorts; GRR excludes upsell and expansion. ARR or MRR basis and treatment of price increases not stated.",medium
HA25,High Alpha,2025 SaaS Benchmarks Report,2025,https://2994607.fs1.hubspotusercontent-na1.net/hubfs/2994607/2025%20SaaS%20Benchmarks%20Report.pdf,2026-09-26,SMB: ACV under $1k,GRR,median,83.0,"Survey of 800+ respondents (69% US, 17% Europe; 23% under $1M ARR). Median by average contract value. Annual NRR and GRR seen in cohorts; GRR excludes upsell and expansion. ARR or MRR basis and treatment of price increases not stated.",medium
HA25,High Alpha,2025 SaaS Benchmarks Report,2025,https://2994607.fs1.hubspotusercontent-na1.net/hubfs/2994607/2025%20SaaS%20Benchmarks%20Report.pdf,2026-09-26,SMB: ACV $1k to $5k,NRR,median,97.0,"Survey of 800+ respondents (69% US, 17% Europe; 23% under $1M ARR). Median by average contract value. Annual NRR and GRR seen in cohorts; GRR excludes upsell and expansion. ARR or MRR basis and treatment of price increases not stated.",medium
HA25,High Alpha,2025 SaaS Benchmarks Report,2025,https://2994607.fs1.hubspotusercontent-na1.net/hubfs/2994607/2025%20SaaS%20Benchmarks%20Report.pdf,2026-09-26,SMB: ACV $1k to $5k,GRR,median,88.0,"Survey of 800+ respondents (69% US, 17% Europe; 23% under $1M ARR). Median by average contract value. Annual NRR and GRR seen in cohorts; GRR excludes upsell and expansion. ARR or MRR basis and treatment of price increases not stated.",medium
HA25,High Alpha,2025 SaaS Benchmarks Report,2025,https://2994607.fs1.hubspotusercontent-na1.net/hubfs/2994607/2025%20SaaS%20Benchmarks%20Report.pdf,2026-09-26,SMB: ACV $5k to $10k,NRR,median,94.0,"Survey of 800+ respondents (69% US, 17% Europe; 23% under $1M ARR). Median by average contract value. Annual NRR and GRR seen in cohorts; GRR excludes upsell and expansion. ARR or MRR basis and treatment of price increases not stated.",medium
HA25,High Alpha,2025 SaaS Benchmarks Report,2025,https://2994607.fs1.hubspotusercontent-na1.net/hubfs/2994607/2025%20SaaS%20Benchmarks%20Report.pdf,2026-09-26,SMB: ACV $5k to $10k,GRR,median,85.0,"Survey of 800+ respondents (69% US, 17% Europe; 23% under $1M ARR). Median by average contract value. Annual NRR and GRR seen in cohorts; GRR excludes upsell and expansion. ARR or MRR basis and treatment of price increases not stated.",medium
HA25,High Alpha,2025 SaaS Benchmarks Report,2025,https://2994607.fs1.hubspotusercontent-na1.net/hubfs/2994607/2025%20SaaS%20Benchmarks%20Report.pdf,2026-09-26,SMB: ACV $10k to $15k,NRR,median,107.0,"Survey of 800+ respondents (69% US, 17% Europe; 23% under $1M ARR). Median by average contract value. Annual NRR and GRR seen in cohorts; GRR excludes upsell and expansion. ARR or MRR basis and treatment of price increases not stated.",medium
HA25,High Alpha,2025 SaaS Benchmarks Report,2025,https://2994607.fs1.hubspotusercontent-na1.net/hubfs/2994607/2025%20SaaS%20Benchmarks%20Report.pdf,2026-09-26,SMB: ACV $10k to $15k,GRR,median,88.0,"Survey of 800+ respondents (69% US, 17% Europe; 23% under $1M ARR). Median by average contract value. Annual NRR and GRR seen in cohorts; GRR excludes upsell and expansion. ARR or MRR basis and treatment of price increases not stated.",medium
HA25,High Alpha,2025 SaaS Benchmarks Report,2025,https://2994607.fs1.hubspotusercontent-na1.net/hubfs/2994607/2025%20SaaS%20Benchmarks%20Report.pdf,2026-09-26,SMB: ACV $15k to $25k,NRR,median,104.0,"Survey of 800+ respondents (69% US, 17% Europe; 23% under $1M ARR). Median by average contract value. Annual NRR and GRR seen in cohorts; GRR excludes upsell and expansion. ARR or MRR basis and treatment of price increases not stated.",medium
HA25,High Alpha,2025 SaaS Benchmarks Report,2025,https://2994607.fs1.hubspotusercontent-na1.net/hubfs/2994607/2025%20SaaS%20Benchmarks%20Report.pdf,2026-09-26,SMB: ACV $15k to $25k,GRR,median,88.0,"Survey of 800+ respondents (69% US, 17% Europe; 23% under $1M ARR). Median by average contract value. Annual NRR and GRR seen in cohorts; GRR excludes upsell and expansion. ARR or MRR basis and treatment of price increases not stated.",medium
HA25,High Alpha,2025 SaaS Benchmarks Report,2025,https://2994607.fs1.hubspotusercontent-na1.net/hubfs/2994607/2025%20SaaS%20Benchmarks%20Report.pdf,2026-09-26,SMB: ACV $25k to $50k,NRR,median,105.0,"Survey of 800+ respondents (69% US, 17% Europe; 23% under $1M ARR). Median by average contract value. Annual NRR and GRR seen in cohorts; GRR excludes upsell and expansion. ARR or MRR basis and treatment of price increases not stated.",medium
HA25,High Alpha,2025 SaaS Benchmarks Report,2025,https://2994607.fs1.hubspotusercontent-na1.net/hubfs/2994607/2025%20SaaS%20Benchmarks%20Report.pdf,2026-09-26,SMB: ACV $25k to $50k,GRR,median,92.0,"Survey of 800+ respondents (69% US, 17% Europe; 23% under $1M ARR). Median by average contract value. Annual NRR and GRR seen in cohorts; GRR excludes upsell and expansion. ARR or MRR basis and treatment of price increases not stated.",medium
HA25,High Alpha,2025 SaaS Benchmarks Report,2025,https://2994607.fs1.hubspotusercontent-na1.net/hubfs/2994607/2025%20SaaS%20Benchmarks%20Report.pdf,2026-09-26,Mid-market: ACV $50k to $100k,NRR,median,104.0,"Survey of 800+ respondents (69% US, 17% Europe; 23% under $1M ARR). Median by average contract value. Annual NRR and GRR seen in cohorts; GRR excludes upsell and expansion. ARR or MRR basis and treatment of price increases not stated.",medium
HA25,High Alpha,2025 SaaS Benchmarks Report,2025,https://2994607.fs1.hubspotusercontent-na1.net/hubfs/2994607/2025%20SaaS%20Benchmarks%20Report.pdf,2026-09-26,Mid-market: ACV $50k to $100k,GRR,median,94.0,"Survey of 800+ respondents (69% US, 17% Europe; 23% under $1M ARR). Median by average contract value. Annual NRR and GRR seen in cohorts; GRR excludes upsell and expansion. ARR or MRR basis and treatment of price increases not stated.",medium
HA25,High Alpha,2025 SaaS Benchmarks Report,2025,https://2994607.fs1.hubspotusercontent-na1.net/hubfs/2994607/2025%20SaaS%20Benchmarks%20Report.pdf,2026-09-26,Mid-market: ACV $100k to $250k,NRR,median,102.0,"Survey of 800+ respondents (69% US, 17% Europe; 23% under $1M ARR). Median by average contract value. Annual NRR and GRR seen in cohorts; GRR excludes upsell and expansion. ARR or MRR basis and treatment of price increases not stated.",medium
HA25,High Alpha,2025 SaaS Benchmarks Report,2025,https://2994607.fs1.hubspotusercontent-na1.net/hubfs/2994607/2025%20SaaS%20Benchmarks%20Report.pdf,2026-09-26,Mid-market: ACV $100k to $250k,GRR,median,91.0,"Survey of 800+ respondents (69% US, 17% Europe; 23% under $1M ARR). Median by average contract value. Annual NRR and GRR seen in cohorts; GRR excludes upsell and expansion. ARR or MRR basis and treatment of price increases not stated.",medium
HA25,High Alpha,2025 SaaS Benchmarks Report,2025,https://2994607.fs1.hubspotusercontent-na1.net/hubfs/2994607/2025%20SaaS%20Benchmarks%20Report.pdf,2026-09-26,Enterprise: ACV over $250k,NRR,median,105.0,"Survey of 800+ respondents (69% US, 17% Europe; 23% under $1M ARR). Median by average contract value. Annual NRR and GRR seen in cohorts; GRR excludes upsell and expansion. ARR or MRR basis and treatment of price increases not stated.",medium
HA25,High Alpha,2025 SaaS Benchmarks Report,2025,https://2994607.fs1.hubspotusercontent-na1.net/hubfs/2994607/2025%20SaaS%20Benchmarks%20Report.pdf,2026-09-26,Enterprise: ACV over $250k,GRR,median,92.0,"Survey of 800+ respondents (69% US, 17% Europe; 23% under $1M ARR). Median by average contract value. Annual NRR and GRR seen in cohorts; GRR excludes upsell and expansion. ARR or MRR basis and treatment of price increases not stated.",medium
BM25,Benchmarkit,2025 B2B SaaS Performance Metrics Benchmarks,2025,https://www.benchmarkit.ai/_files/ugd/2a084b_1b2e8054260b44cba36242807d1c3eea.pdf,2026-09-26,SMB: ACV under $1k,NRR,lower_quartile,90.0,"Survey of 583 participants (NRR n=228, GRR n=225); CY-24 or last-twelve-months data. Median and quartiles of company figures by ACV. Recommended cohort method on ARR of customers at the start of the period; GRR excludes cross-sell, upsell and expansion. Treatment of price increases not stated.",medium
BM25,Benchmarkit,2025 B2B SaaS Performance Metrics Benchmarks,2025,https://www.benchmarkit.ai/_files/ugd/2a084b_1b2e8054260b44cba36242807d1c3eea.pdf,2026-09-26,SMB: ACV under $1k,NRR,median,100.0,"Survey of 583 participants (NRR n=228, GRR n=225); CY-24 or last-twelve-months data. Median and quartiles of company figures by ACV. Recommended cohort method on ARR of customers at the start of the period; GRR excludes cross-sell, upsell and expansion. Treatment of price increases not stated.",medium
BM25,Benchmarkit,2025 B2B SaaS Performance Metrics Benchmarks,2025,https://www.benchmarkit.ai/_files/ugd/2a084b_1b2e8054260b44cba36242807d1c3eea.pdf,2026-09-26,SMB: ACV under $1k,NRR,upper_quartile,102.0,"Survey of 583 participants (NRR n=228, GRR n=225); CY-24 or last-twelve-months data. Median and quartiles of company figures by ACV. Recommended cohort method on ARR of customers at the start of the period; GRR excludes cross-sell, upsell and expansion. Treatment of price increases not stated.",medium
BM25,Benchmarkit,2025 B2B SaaS Performance Metrics Benchmarks,2025,https://www.benchmarkit.ai/_files/ugd/2a084b_1b2e8054260b44cba36242807d1c3eea.pdf,2026-09-26,SMB: ACV $1k to $5k,NRR,lower_quartile,89.0,"Survey of 583 participants (NRR n=228, GRR n=225); CY-24 or last-twelve-months data. Median and quartiles of company figures by ACV. Recommended cohort method on ARR of customers at the start of the period; GRR excludes cross-sell, upsell and expansion. Treatment of price increases not stated.",medium
BM25,Benchmarkit,2025 B2B SaaS Performance Metrics Benchmarks,2025,https://www.benchmarkit.ai/_files/ugd/2a084b_1b2e8054260b44cba36242807d1c3eea.pdf,2026-09-26,SMB: ACV $1k to $5k,NRR,median,99.0,"Survey of 583 participants (NRR n=228, GRR n=225); CY-24 or last-twelve-months data. Median and quartiles of company figures by ACV. Recommended cohort method on ARR of customers at the start of the period; GRR excludes cross-sell, upsell and expansion. Treatment of price increases not stated.",medium
BM25,Benchmarkit,2025 B2B SaaS Performance Metrics Benchmarks,2025,https://www.benchmarkit.ai/_files/ugd/2a084b_1b2e8054260b44cba36242807d1c3eea.pdf,2026-09-26,SMB: ACV $1k to $5k,NRR,upper_quartile,105.0,"Survey of 583 participants (NRR n=228, GRR n=225); CY-24 or last-twelve-months data. Median and quartiles of company figures by ACV. Recommended cohort method on ARR of customers at the start of the period; GRR excludes cross-sell, upsell and expansion. Treatment of price increases not stated.",medium
BM25,Benchmarkit,2025 B2B SaaS Performance Metrics Benchmarks,2025,https://www.benchmarkit.ai/_files/ugd/2a084b_1b2e8054260b44cba36242807d1c3eea.pdf,2026-09-26,SMB: ACV $5k to $10k,NRR,lower_quartile,90.0,"Survey of 583 participants (NRR n=228, GRR n=225); CY-24 or last-twelve-months data. Median and quartiles of company figures by ACV. Recommended cohort method on ARR of customers at the start of the period; GRR excludes cross-sell, upsell and expansion. Treatment of price increases not stated.",medium
BM25,Benchmarkit,2025 B2B SaaS Performance Metrics Benchmarks,2025,https://www.benchmarkit.ai/_files/ugd/2a084b_1b2e8054260b44cba36242807d1c3eea.pdf,2026-09-26,SMB: ACV $5k to $10k,NRR,median,100.0,"Survey of 583 participants (NRR n=228, GRR n=225); CY-24 or last-twelve-months data. Median and quartiles of company figures by ACV. Recommended cohort method on ARR of customers at the start of the period; GRR excludes cross-sell, upsell and expansion. Treatment of price increases not stated.",medium
BM25,Benchmarkit,2025 B2B SaaS Performance Metrics Benchmarks,2025,https://www.benchmarkit.ai/_files/ugd/2a084b_1b2e8054260b44cba36242807d1c3eea.pdf,2026-09-26,SMB: ACV $5k to $10k,NRR,upper_quartile,108.0,"Survey of 583 participants (NRR n=228, GRR n=225); CY-24 or last-twelve-months data. Median and quartiles of company figures by ACV. Recommended cohort method on ARR of customers at the start of the period; GRR excludes cross-sell, upsell and expansion. Treatment of price increases not stated.",medium
BM25,Benchmarkit,2025 B2B SaaS Performance Metrics Benchmarks,2025,https://www.benchmarkit.ai/_files/ugd/2a084b_1b2e8054260b44cba36242807d1c3eea.pdf,2026-09-26,SMB: ACV $10k to $25k,NRR,lower_quartile,95.0,"Survey of 583 participants (NRR n=228, GRR n=225); CY-24 or last-twelve-months data. Median and quartiles of company figures by ACV. Recommended cohort method on ARR of customers at the start of the period; GRR excludes cross-sell, upsell and expansion. Treatment of price increases not stated.",medium
BM25,Benchmarkit,2025 B2B SaaS Performance Metrics Benchmarks,2025,https://www.benchmarkit.ai/_files/ugd/2a084b_1b2e8054260b44cba36242807d1c3eea.pdf,2026-09-26,SMB: ACV $10k to $25k,NRR,median,101.0,"Survey of 583 participants (NRR n=228, GRR n=225); CY-24 or last-twelve-months data. Median and quartiles of company figures by ACV. Recommended cohort method on ARR of customers at the start of the period; GRR excludes cross-sell, upsell and expansion. Treatment of price increases not stated.",medium
BM25,Benchmarkit,2025 B2B SaaS Performance Metrics Benchmarks,2025,https://www.benchmarkit.ai/_files/ugd/2a084b_1b2e8054260b44cba36242807d1c3eea.pdf,2026-09-26,SMB: ACV $10k to $25k,NRR,upper_quartile,112.0,"Survey of 583 participants (NRR n=228, GRR n=225); CY-24 or last-twelve-months data. Median and quartiles of company figures by ACV. Recommended cohort method on ARR of customers at the start of the period; GRR excludes cross-sell, upsell and expansion. Treatment of price increases not stated.",medium
BM25,Benchmarkit,2025 B2B SaaS Performance Metrics Benchmarks,2025,https://www.benchmarkit.ai/_files/ugd/2a084b_1b2e8054260b44cba36242807d1c3eea.pdf,2026-09-26,SMB: ACV $25k to $50k,NRR,lower_quartile,89.0,"Survey of 583 participants (NRR n=228, GRR n=225); CY-24 or last-twelve-months data. Median and quartiles of company figures by ACV. Recommended cohort method on ARR of customers at the start of the period; GRR excludes cross-sell, upsell and expansion. Treatment of price increases not stated.",medium
BM25,Benchmarkit,2025 B2B SaaS Performance Metrics Benchmarks,2025,https://www.benchmarkit.ai/_files/ugd/2a084b_1b2e8054260b44cba36242807d1c3eea.pdf,2026-09-26,SMB: ACV $25k to $50k,NRR,median,105.0,"Survey of 583 participants (NRR n=228, GRR n=225); CY-24 or last-twelve-months data. Median and quartiles of company figures by ACV. Recommended cohort method on ARR of customers at the start of the period; GRR excludes cross-sell, upsell and expansion. Treatment of price increases not stated.",medium
BM25,Benchmarkit,2025 B2B SaaS Performance Metrics Benchmarks,2025,https://www.benchmarkit.ai/_files/ugd/2a084b_1b2e8054260b44cba36242807d1c3eea.pdf,2026-09-26,SMB: ACV $25k to $50k,NRR,upper_quartile,112.0,"Survey of 583 participants (NRR n=228, GRR n=225); CY-24 or last-twelve-months data. Median and quartiles of company figures by ACV. Recommended cohort method on ARR of customers at the start of the period; GRR excludes cross-sell, upsell and expansion. Treatment of price increases not stated.",medium
BM25,Benchmarkit,2025 B2B SaaS Performance Metrics Benchmarks,2025,https://www.benchmarkit.ai/_files/ugd/2a084b_1b2e8054260b44cba36242807d1c3eea.pdf,2026-09-26,Mid-market: ACV $50k to $100k,NRR,lower_quartile,96.0,"Survey of 583 participants (NRR n=228, GRR n=225); CY-24 or last-twelve-months data. Median and quartiles of company figures by ACV. Recommended cohort method on ARR of customers at the start of the period; GRR excludes cross-sell, upsell and expansion. Treatment of price increases not stated.",medium
BM25,Benchmarkit,2025 B2B SaaS Performance Metrics Benchmarks,2025,https://www.benchmarkit.ai/_files/ugd/2a084b_1b2e8054260b44cba36242807d1c3eea.pdf,2026-09-26,Mid-market: ACV $50k to $100k,NRR,median,104.0,"Survey of 583 participants (NRR n=228, GRR n=225); CY-24 or last-twelve-months data. Median and quartiles of company figures by ACV. Recommended cohort method on ARR of customers at the start of the period; GRR excludes cross-sell, upsell and expansion. Treatment of price increases not stated.",medium
BM25,Benchmarkit,2025 B2B SaaS Performance Metrics Benchmarks,2025,https://www.benchmarkit.ai/_files/ugd/2a084b_1b2e8054260b44cba36242807d1c3eea.pdf,2026-09-26,Mid-market: ACV $50k to $100k,NRR,upper_quartile,116.0,"Survey of 583 participants (NRR n=228, GRR n=225); CY-24 or last-twelve-months data. Median and quartiles of company figures by ACV. Recommended cohort method on ARR of customers at the start of the period; GRR excludes cross-sell, upsell and expansion. Treatment of price increases not stated.",medium
BM25,Benchmarkit,2025 B2B SaaS Performance Metrics Benchmarks,2025,https://www.benchmarkit.ai/_files/ugd/2a084b_1b2e8054260b44cba36242807d1c3eea.pdf,2026-09-26,Mid-market: ACV $100k to $250k,NRR,lower_quartile,98.0,"Survey of 583 participants (NRR n=228, GRR n=225); CY-24 or last-twelve-months data. Median and quartiles of company figures by ACV. Recommended cohort method on ARR of customers at the start of the period; GRR excludes cross-sell, upsell and expansion. Treatment of price increases not stated.",medium
BM25,Benchmarkit,2025 B2B SaaS Performance Metrics Benchmarks,2025,https://www.benchmarkit.ai/_files/ugd/2a084b_1b2e8054260b44cba36242807d1c3eea.pdf,2026-09-26,Mid-market: ACV $100k to $250k,NRR,median,102.0,"Survey of 583 participants (NRR n=228, GRR n=225); CY-24 or last-twelve-months data. Median and quartiles of company figures by ACV. Recommended cohort method on ARR of customers at the start of the period; GRR excludes cross-sell, upsell and expansion. Treatment of price increases not stated.",medium
BM25,Benchmarkit,2025 B2B SaaS Performance Metrics Benchmarks,2025,https://www.benchmarkit.ai/_files/ugd/2a084b_1b2e8054260b44cba36242807d1c3eea.pdf,2026-09-26,Mid-market: ACV $100k to $250k,NRR,upper_quartile,114.0,"Survey of 583 participants (NRR n=228, GRR n=225); CY-24 or last-twelve-months data. Median and quartiles of company figures by ACV. Recommended cohort method on ARR of customers at the start of the period; GRR excludes cross-sell, upsell and expansion. Treatment of price increases not stated.",medium
BM25,Benchmarkit,2025 B2B SaaS Performance Metrics Benchmarks,2025,https://www.benchmarkit.ai/_files/ugd/2a084b_1b2e8054260b44cba36242807d1c3eea.pdf,2026-09-26,Enterprise: ACV over $250k,NRR,lower_quartile,96.0,"Survey of 583 participants (NRR n=228, GRR n=225); CY-24 or last-twelve-months data. Median and quartiles of company figures by ACV. Recommended cohort method on ARR of customers at the start of the period; GRR excludes cross-sell, upsell and expansion. Treatment of price increases not stated.",medium
BM25,Benchmarkit,2025 B2B SaaS Performance Metrics Benchmarks,2025,https://www.benchmarkit.ai/_files/ugd/2a084b_1b2e8054260b44cba36242807d1c3eea.pdf,2026-09-26,Enterprise: ACV over $250k,NRR,median,107.0,"Survey of 583 participants (NRR n=228, GRR n=225); CY-24 or last-twelve-months data. Median and quartiles of company figures by ACV. Recommended cohort method on ARR of customers at the start of the period; GRR excludes cross-sell, upsell and expansion. Treatment of price increases not stated.",medium
BM25,Benchmarkit,2025 B2B SaaS Performance Metrics Benchmarks,2025,https://www.benchmarkit.ai/_files/ugd/2a084b_1b2e8054260b44cba36242807d1c3eea.pdf,2026-09-26,Enterprise: ACV over $250k,NRR,upper_quartile,115.0,"Survey of 583 participants (NRR n=228, GRR n=225); CY-24 or last-twelve-months data. Median and quartiles of company figures by ACV. Recommended cohort method on ARR of customers at the start of the period; GRR excludes cross-sell, upsell and expansion. Treatment of price increases not stated.",medium
BM25,Benchmarkit,2025 B2B SaaS Performance Metrics Benchmarks,2025,https://www.benchmarkit.ai/_files/ugd/2a084b_1b2e8054260b44cba36242807d1c3eea.pdf,2026-09-26,SMB: ACV under $1k,GRR,lower_quartile,85.0,"Survey of 583 participants (NRR n=228, GRR n=225); CY-24 or last-twelve-months data. Median and quartiles of company figures by ACV. Recommended cohort method on ARR of customers at the start of the period; GRR excludes cross-sell, upsell and expansion. Treatment of price increases not stated.",medium
BM25,Benchmarkit,2025 B2B SaaS Performance Metrics Benchmarks,2025,https://www.benchmarkit.ai/_files/ugd/2a084b_1b2e8054260b44cba36242807d1c3eea.pdf,2026-09-26,SMB: ACV under $1k,GRR,median,90.0,"Survey of 583 participants (NRR n=228, GRR n=225); CY-24 or last-twelve-months data. Median and quartiles of company figures by ACV. Recommended cohort method on ARR of customers at the start of the period; GRR excludes cross-sell, upsell and expansion. Treatment of price increases not stated.",medium
BM25,Benchmarkit,2025 B2B SaaS Performance Metrics Benchmarks,2025,https://www.benchmarkit.ai/_files/ugd/2a084b_1b2e8054260b44cba36242807d1c3eea.pdf,2026-09-26,SMB: ACV under $1k,GRR,upper_quartile,99.0,"Survey of 583 participants (NRR n=228, GRR n=225); CY-24 or last-twelve-months data. Median and quartiles of company figures by ACV. Recommended cohort method on ARR of customers at the start of the period; GRR excludes cross-sell, upsell and expansion. Treatment of price increases not stated.",medium
BM25,Benchmarkit,2025 B2B SaaS Performance Metrics Benchmarks,2025,https://www.benchmarkit.ai/_files/ugd/2a084b_1b2e8054260b44cba36242807d1c3eea.pdf,2026-09-26,SMB: ACV $1k to $5k,GRR,lower_quartile,75.0,"Survey of 583 participants (NRR n=228, GRR n=225); CY-24 or last-twelve-months data. Median and quartiles of company figures by ACV. Recommended cohort method on ARR of customers at the start of the period; GRR excludes cross-sell, upsell and expansion. Treatment of price increases not stated.",medium
BM25,Benchmarkit,2025 B2B SaaS Performance Metrics Benchmarks,2025,https://www.benchmarkit.ai/_files/ugd/2a084b_1b2e8054260b44cba36242807d1c3eea.pdf,2026-09-26,SMB: ACV $1k to $5k,GRR,median,85.0,"Survey of 583 participants (NRR n=228, GRR n=225); CY-24 or last-twelve-months data. Median and quartiles of company figures by ACV. Recommended cohort method on ARR of customers at the start of the period; GRR excludes cross-sell, upsell and expansion. Treatment of price increases not stated.",medium
BM25,Benchmarkit,2025 B2B SaaS Performance Metrics Benchmarks,2025,https://www.benchmarkit.ai/_files/ugd/2a084b_1b2e8054260b44cba36242807d1c3eea.pdf,2026-09-26,SMB: ACV $1k to $5k,GRR,upper_quartile,91.0,"Survey of 583 participants (NRR n=228, GRR n=225); CY-24 or last-twelve-months data. Median and quartiles of company figures by ACV. Recommended cohort method on ARR of customers at the start of the period; GRR excludes cross-sell, upsell and expansion. Treatment of price increases not stated.",medium
BM25,Benchmarkit,2025 B2B SaaS Performance Metrics Benchmarks,2025,https://www.benchmarkit.ai/_files/ugd/2a084b_1b2e8054260b44cba36242807d1c3eea.pdf,2026-09-26,SMB: ACV $5k to $10k,GRR,lower_quartile,78.0,"Survey of 583 participants (NRR n=228, GRR n=225); CY-24 or last-twelve-months data. Median and quartiles of company figures by ACV. Recommended cohort method on ARR of customers at the start of the period; GRR excludes cross-sell, upsell and expansion. Treatment of price increases not stated.",medium
BM25,Benchmarkit,2025 B2B SaaS Performance Metrics Benchmarks,2025,https://www.benchmarkit.ai/_files/ugd/2a084b_1b2e8054260b44cba36242807d1c3eea.pdf,2026-09-26,SMB: ACV $5k to $10k,GRR,median,85.0,"Survey of 583 participants (NRR n=228, GRR n=225); CY-24 or last-twelve-months data. Median and quartiles of company figures by ACV. Recommended cohort method on ARR of customers at the start of the period; GRR excludes cross-sell, upsell and expansion. Treatment of price increases not stated.",medium
BM25,Benchmarkit,2025 B2B SaaS Performance Metrics Benchmarks,2025,https://www.benchmarkit.ai/_files/ugd/2a084b_1b2e8054260b44cba36242807d1c3eea.pdf,2026-09-26,SMB: ACV $5k to $10k,GRR,upper_quartile,89.0,"Survey of 583 participants (NRR n=228, GRR n=225); CY-24 or last-twelve-months data. Median and quartiles of company figures by ACV. Recommended cohort method on ARR of customers at the start of the period; GRR excludes cross-sell, upsell and expansion. Treatment of price increases not stated.",medium
BM25,Benchmarkit,2025 B2B SaaS Performance Metrics Benchmarks,2025,https://www.benchmarkit.ai/_files/ugd/2a084b_1b2e8054260b44cba36242807d1c3eea.pdf,2026-09-26,SMB: ACV $10k to $25k,GRR,lower_quartile,82.0,"Survey of 583 participants (NRR n=228, GRR n=225); CY-24 or last-twelve-months data. Median and quartiles of company figures by ACV. Recommended cohort method on ARR of customers at the start of the period; GRR excludes cross-sell, upsell and expansion. Treatment of price increases not stated.",medium
BM25,Benchmarkit,2025 B2B SaaS Performance Metrics Benchmarks,2025,https://www.benchmarkit.ai/_files/ugd/2a084b_1b2e8054260b44cba36242807d1c3eea.pdf,2026-09-26,SMB: ACV $10k to $25k,GRR,median,87.0,"Survey of 583 participants (NRR n=228, GRR n=225); CY-24 or last-twelve-months data. Median and quartiles of company figures by ACV. Recommended cohort method on ARR of customers at the start of the period; GRR excludes cross-sell, upsell and expansion. Treatment of price increases not stated.",medium
BM25,Benchmarkit,2025 B2B SaaS Performance Metrics Benchmarks,2025,https://www.benchmarkit.ai/_files/ugd/2a084b_1b2e8054260b44cba36242807d1c3eea.pdf,2026-09-26,SMB: ACV $10k to $25k,GRR,upper_quartile,95.0,"Survey of 583 participants (NRR n=228, GRR n=225); CY-24 or last-twelve-months data. Median and quartiles of company figures by ACV. Recommended cohort method on ARR of customers at the start of the period; GRR excludes cross-sell, upsell and expansion. Treatment of price increases not stated.",medium
BM25,Benchmarkit,2025 B2B SaaS Performance Metrics Benchmarks,2025,https://www.benchmarkit.ai/_files/ugd/2a084b_1b2e8054260b44cba36242807d1c3eea.pdf,2026-09-26,SMB: ACV $25k to $50k,GRR,lower_quartile,76.0,"Survey of 583 participants (NRR n=228, GRR n=225); CY-24 or last-twelve-months data. Median and quartiles of company figures by ACV. Recommended cohort method on ARR of customers at the start of the period; GRR excludes cross-sell, upsell and expansion. Treatment of price increases not stated.",medium
BM25,Benchmarkit,2025 B2B SaaS Performance Metrics Benchmarks,2025,https://www.benchmarkit.ai/_files/ugd/2a084b_1b2e8054260b44cba36242807d1c3eea.pdf,2026-09-26,SMB: ACV $25k to $50k,GRR,median,88.0,"Survey of 583 participants (NRR n=228, GRR n=225); CY-24 or last-twelve-months data. Median and quartiles of company figures by ACV. Recommended cohort method on ARR of customers at the start of the period; GRR excludes cross-sell, upsell and expansion. Treatment of price increases not stated.",medium
BM25,Benchmarkit,2025 B2B SaaS Performance Metrics Benchmarks,2025,https://www.benchmarkit.ai/_files/ugd/2a084b_1b2e8054260b44cba36242807d1c3eea.pdf,2026-09-26,SMB: ACV $25k to $50k,GRR,upper_quartile,95.0,"Survey of 583 participants (NRR n=228, GRR n=225); CY-24 or last-twelve-months data. Median and quartiles of company figures by ACV. Recommended cohort method on ARR of customers at the start of the period; GRR excludes cross-sell, upsell and expansion. Treatment of price increases not stated.",medium
BM25,Benchmarkit,2025 B2B SaaS Performance Metrics Benchmarks,2025,https://www.benchmarkit.ai/_files/ugd/2a084b_1b2e8054260b44cba36242807d1c3eea.pdf,2026-09-26,Mid-market: ACV $50k to $100k,GRR,lower_quartile,80.0,"Survey of 583 participants (NRR n=228, GRR n=225); CY-24 or last-twelve-months data. Median and quartiles of company figures by ACV. Recommended cohort method on ARR of customers at the start of the period; GRR excludes cross-sell, upsell and expansion. Treatment of price increases not stated.",medium
BM25,Benchmarkit,2025 B2B SaaS Performance Metrics Benchmarks,2025,https://www.benchmarkit.ai/_files/ugd/2a084b_1b2e8054260b44cba36242807d1c3eea.pdf,2026-09-26,Mid-market: ACV $50k to $100k,GRR,median,90.0,"Survey of 583 participants (NRR n=228, GRR n=225); CY-24 or last-twelve-months data. Median and quartiles of company figures by ACV. Recommended cohort method on ARR of customers at the start of the period; GRR excludes cross-sell, upsell and expansion. Treatment of price increases not stated.",medium
BM25,Benchmarkit,2025 B2B SaaS Performance Metrics Benchmarks,2025,https://www.benchmarkit.ai/_files/ugd/2a084b_1b2e8054260b44cba36242807d1c3eea.pdf,2026-09-26,Mid-market: ACV $50k to $100k,GRR,upper_quartile,95.0,"Survey of 583 participants (NRR n=228, GRR n=225); CY-24 or last-twelve-months data. Median and quartiles of company figures by ACV. Recommended cohort method on ARR of customers at the start of the period; GRR excludes cross-sell, upsell and expansion. Treatment of price increases not stated.",medium
BM25,Benchmarkit,2025 B2B SaaS Performance Metrics Benchmarks,2025,https://www.benchmarkit.ai/_files/ugd/2a084b_1b2e8054260b44cba36242807d1c3eea.pdf,2026-09-26,Mid-market: ACV $100k to $250k,GRR,lower_quartile,82.0,"Survey of 583 participants (NRR n=228, GRR n=225); CY-24 or last-twelve-months data. Median and quartiles of company figures by ACV. Recommended cohort method on ARR of customers at the start of the period; GRR excludes cross-sell, upsell and expansion. Treatment of price increases not stated.",medium
BM25,Benchmarkit,2025 B2B SaaS Performance Metrics Benchmarks,2025,https://www.benchmarkit.ai/_files/ugd/2a084b_1b2e8054260b44cba36242807d1c3eea.pdf,2026-09-26,Mid-market: ACV $100k to $250k,GRR,median,88.0,"Survey of 583 participants (NRR n=228, GRR n=225); CY-24 or last-twelve-months data. Median and quartiles of company figures by ACV. Recommended cohort method on ARR of customers at the start of the period; GRR excludes cross-sell, upsell and expansion. Treatment of price increases not stated.",medium
BM25,Benchmarkit,2025 B2B SaaS Performance Metrics Benchmarks,2025,https://www.benchmarkit.ai/_files/ugd/2a084b_1b2e8054260b44cba36242807d1c3eea.pdf,2026-09-26,Mid-market: ACV $100k to $250k,GRR,upper_quartile,92.0,"Survey of 583 participants (NRR n=228, GRR n=225); CY-24 or last-twelve-months data. Median and quartiles of company figures by ACV. Recommended cohort method on ARR of customers at the start of the period; GRR excludes cross-sell, upsell and expansion. Treatment of price increases not stated.",medium
BM25,Benchmarkit,2025 B2B SaaS Performance Metrics Benchmarks,2025,https://www.benchmarkit.ai/_files/ugd/2a084b_1b2e8054260b44cba36242807d1c3eea.pdf,2026-09-26,Enterprise: ACV over $250k,GRR,lower_quartile,72.0,"Survey of 583 participants (NRR n=228, GRR n=225); CY-24 or last-twelve-months data. Median and quartiles of company figures by ACV. Recommended cohort method on ARR of customers at the start of the period; GRR excludes cross-sell, upsell and expansion. Treatment of price increases not stated.",medium
BM25,Benchmarkit,2025 B2B SaaS Performance Metrics Benchmarks,2025,https://www.benchmarkit.ai/_files/ugd/2a084b_1b2e8054260b44cba36242807d1c3eea.pdf,2026-09-26,Enterprise: ACV over $250k,GRR,median,95.0,"Survey of 583 participants (NRR n=228, GRR n=225); CY-24 or last-twelve-months data. Median and quartiles of company figures by ACV. Recommended cohort method on ARR of customers at the start of the period; GRR excludes cross-sell, upsell and expansion. Treatment of price increases not stated.",medium
BM25,Benchmarkit,2025 B2B SaaS Performance Metrics Benchmarks,2025,https://www.benchmarkit.ai/_files/ugd/2a084b_1b2e8054260b44cba36242807d1c3eea.pdf,2026-09-26,Enterprise: ACV over $250k,GRR,upper_quartile,98.0,"Survey of 583 participants (NRR n=228, GRR n=225); CY-24 or last-twelve-months data. Median and quartiles of company figures by ACV. Recommended cohort method on ARR of customers at the start of the period; GRR excludes cross-sell, upsell and expansion. Treatment of price increases not stated.",medium
BM25,Benchmarkit,2025 B2B SaaS Performance Metrics Benchmarks,2025,https://www.benchmarkit.ai/_files/ugd/2a084b_1b2e8054260b44cba36242807d1c3eea.pdf,2026-09-26,All companies,NRR,lower_quartile,95.0,"Survey of 583 participants (NRR n=228, GRR n=225); CY-24 or last-twelve-months data. Median and quartiles of company figures by ACV. Recommended cohort method on ARR of customers at the start of the period; GRR excludes cross-sell, upsell and expansion. Treatment of price increases not stated.",medium
BM25,Benchmarkit,2025 B2B SaaS Performance Metrics Benchmarks,2025,https://www.benchmarkit.ai/_files/ugd/2a084b_1b2e8054260b44cba36242807d1c3eea.pdf,2026-09-26,All companies,NRR,median,101.0,"Survey of 583 participants (NRR n=228, GRR n=225); CY-24 or last-twelve-months data. Median and quartiles of company figures by ACV. Recommended cohort method on ARR of customers at the start of the period; GRR excludes cross-sell, upsell and expansion. Treatment of price increases not stated.",medium
BM25,Benchmarkit,2025 B2B SaaS Performance Metrics Benchmarks,2025,https://www.benchmarkit.ai/_files/ugd/2a084b_1b2e8054260b44cba36242807d1c3eea.pdf,2026-09-26,All companies,NRR,upper_quartile,110.0,"Survey of 583 participants (NRR n=228, GRR n=225); CY-24 or last-twelve-months data. Median and quartiles of company figures by ACV. Recommended cohort method on ARR of customers at the start of the period; GRR excludes cross-sell, upsell and expansion. Treatment of price increases not stated.",medium
BM25,Benchmarkit,2025 B2B SaaS Performance Metrics Benchmarks,2025,https://www.benchmarkit.ai/_files/ugd/2a084b_1b2e8054260b44cba36242807d1c3eea.pdf,2026-09-26,All companies,GRR,lower_quartile,81.0,"Survey of 583 participants (NRR n=228, GRR n=225); CY-24 or last-twelve-months data. Median and quartiles of company figures by ACV. Recommended cohort method on ARR of customers at the start of the period; GRR excludes cross-sell, upsell and expansion. Treatment of price increases not stated.",medium
BM25,Benchmarkit,2025 B2B SaaS Performance Metrics Benchmarks,2025,https://www.benchmarkit.ai/_files/ugd/2a084b_1b2e8054260b44cba36242807d1c3eea.pdf,2026-09-26,All companies,GRR,median,88.0,"Survey of 583 participants (NRR n=228, GRR n=225); CY-24 or last-twelve-months data. Median and quartiles of company figures by ACV. Recommended cohort method on ARR of customers at the start of the period; GRR excludes cross-sell, upsell and expansion. Treatment of price increases not stated.",medium
BM25,Benchmarkit,2025 B2B SaaS Performance Metrics Benchmarks,2025,https://www.benchmarkit.ai/_files/ugd/2a084b_1b2e8054260b44cba36242807d1c3eea.pdf,2026-09-26,All companies,GRR,upper_quartile,95.0,"Survey of 583 participants (NRR n=228, GRR n=225); CY-24 or last-twelve-months data. Median and quartiles of company figures by ACV. Recommended cohort method on ARR of customers at the start of the period; GRR excludes cross-sell, upsell and expansion. Treatment of price increases not stated.",medium
CM23,ChartMogul,SaaS Retention Report,2023,https://chartmogul.com/reports/saas-retention-report/,2026-09-26,SMB: ARPA $100 to $250 a month,NRR,lower_quartile,71.6,"Billing data from 2,100+ companies on ChartMogul (B2B and B2C), calendar 2022; ARPA charts exclude companies under $300k ARR. 12-month MRR retention of the starting customer base; median and quartiles across companies. Banded by monthly ARPA, not ACV.",low
CM23,ChartMogul,SaaS Retention Report,2023,https://chartmogul.com/reports/saas-retention-report/,2026-09-26,SMB: ARPA $100 to $250 a month,NRR,median,85.3,"Billing data from 2,100+ companies on ChartMogul (B2B and B2C), calendar 2022; ARPA charts exclude companies under $300k ARR. 12-month MRR retention of the starting customer base; median and quartiles across companies. Banded by monthly ARPA, not ACV.",low
CM23,ChartMogul,SaaS Retention Report,2023,https://chartmogul.com/reports/saas-retention-report/,2026-09-26,SMB: ARPA $100 to $250 a month,NRR,upper_quartile,96.7,"Billing data from 2,100+ companies on ChartMogul (B2B and B2C), calendar 2022; ARPA charts exclude companies under $300k ARR. 12-month MRR retention of the starting customer base; median and quartiles across companies. Banded by monthly ARPA, not ACV.",low
CM23,ChartMogul,SaaS Retention Report,2023,https://chartmogul.com/reports/saas-retention-report/,2026-09-26,SMB: ARPA $250 to $500 a month,NRR,lower_quartile,73.3,"Billing data from 2,100+ companies on ChartMogul (B2B and B2C), calendar 2022; ARPA charts exclude companies under $300k ARR. 12-month MRR retention of the starting customer base; median and quartiles across companies. Banded by monthly ARPA, not ACV.",low
CM23,ChartMogul,SaaS Retention Report,2023,https://chartmogul.com/reports/saas-retention-report/,2026-09-26,SMB: ARPA $250 to $500 a month,NRR,median,86.8,"Billing data from 2,100+ companies on ChartMogul (B2B and B2C), calendar 2022; ARPA charts exclude companies under $300k ARR. 12-month MRR retention of the starting customer base; median and quartiles across companies. Banded by monthly ARPA, not ACV.",low
CM23,ChartMogul,SaaS Retention Report,2023,https://chartmogul.com/reports/saas-retention-report/,2026-09-26,SMB: ARPA $250 to $500 a month,NRR,upper_quartile,101.3,"Billing data from 2,100+ companies on ChartMogul (B2B and B2C), calendar 2022; ARPA charts exclude companies under $300k ARR. 12-month MRR retention of the starting customer base; median and quartiles across companies. Banded by monthly ARPA, not ACV.",low
CM23,ChartMogul,SaaS Retention Report,2023,https://chartmogul.com/reports/saas-retention-report/,2026-09-26,SMB and above: ARPA over $500 a month,NRR,lower_quartile,78.5,"Billing data from 2,100+ companies on ChartMogul (B2B and B2C), calendar 2022; ARPA charts exclude companies under $300k ARR. 12-month MRR retention of the starting customer base; median and quartiles across companies. Banded by monthly ARPA, not ACV.",low
CM23,ChartMogul,SaaS Retention Report,2023,https://chartmogul.com/reports/saas-retention-report/,2026-09-26,SMB and above: ARPA over $500 a month,NRR,median,95.3,"Billing data from 2,100+ companies on ChartMogul (B2B and B2C), calendar 2022; ARPA charts exclude companies under $300k ARR. 12-month MRR retention of the starting customer base; median and quartiles across companies. Banded by monthly ARPA, not ACV.",low
CM23,ChartMogul,SaaS Retention Report,2023,https://chartmogul.com/reports/saas-retention-report/,2026-09-26,SMB and above: ARPA over $500 a month,NRR,upper_quartile,109.3,"Billing data from 2,100+ companies on ChartMogul (B2B and B2C), calendar 2022; ARPA charts exclude companies under $300k ARR. 12-month MRR retention of the starting customer base; median and quartiles across companies. Banded by monthly ARPA, not ACV.",low
CM23,ChartMogul,SaaS Retention Report,2023,https://chartmogul.com/reports/saas-retention-report/,2026-09-26,SMB: ARPA $100 to $250 a month,GRR,lower_quartile,61.5,"Billing data from 2,100+ companies on ChartMogul (B2B and B2C), calendar 2022; ARPA charts exclude companies under $300k ARR. 12-month MRR retention of the starting customer base; median and quartiles across companies. Banded by monthly ARPA, not ACV.",low
CM23,ChartMogul,SaaS Retention Report,2023,https://chartmogul.com/reports/saas-retention-report/,2026-09-26,SMB: ARPA $100 to $250 a month,GRR,median,71.2,"Billing data from 2,100+ companies on ChartMogul (B2B and B2C), calendar 2022; ARPA charts exclude companies under $300k ARR. 12-month MRR retention of the starting customer base; median and quartiles across companies. Banded by monthly ARPA, not ACV.",low
CM23,ChartMogul,SaaS Retention Report,2023,https://chartmogul.com/reports/saas-retention-report/,2026-09-26,SMB: ARPA $100 to $250 a month,GRR,upper_quartile,81.0,"Billing data from 2,100+ companies on ChartMogul (B2B and B2C), calendar 2022; ARPA charts exclude companies under $300k ARR. 12-month MRR retention of the starting customer base; median and quartiles across companies. Banded by monthly ARPA, not ACV.",low
CM23,ChartMogul,SaaS Retention Report,2023,https://chartmogul.com/reports/saas-retention-report/,2026-09-26,SMB: ARPA $250 to $500 a month,GRR,lower_quartile,64.8,"Billing data from 2,100+ companies on ChartMogul (B2B and B2C), calendar 2022; ARPA charts exclude companies under $300k ARR. 12-month MRR retention of the starting customer base; median and quartiles across companies. Banded by monthly ARPA, not ACV.",low
CM23,ChartMogul,SaaS Retention Report,2023,https://chartmogul.com/reports/saas-retention-report/,2026-09-26,SMB: ARPA $250 to $500 a month,GRR,median,74.0,"Billing data from 2,100+ companies on ChartMogul (B2B and B2C), calendar 2022; ARPA charts exclude companies under $300k ARR. 12-month MRR retention of the starting customer base; median and quartiles across companies. Banded by monthly ARPA, not ACV.",low
CM23,ChartMogul,SaaS Retention Report,2023,https://chartmogul.com/reports/saas-retention-report/,2026-09-26,SMB: ARPA $250 to $500 a month,GRR,upper_quartile,83.0,"Billing data from 2,100+ companies on ChartMogul (B2B and B2C), calendar 2022; ARPA charts exclude companies under $300k ARR. 12-month MRR retention of the starting customer base; median and quartiles across companies. Banded by monthly ARPA, not ACV.",low
CM23,ChartMogul,SaaS Retention Report,2023,https://chartmogul.com/reports/saas-retention-report/,2026-09-26,SMB and above: ARPA over $500 a month,GRR,lower_quartile,66.2,"Billing data from 2,100+ companies on ChartMogul (B2B and B2C), calendar 2022; ARPA charts exclude companies under $300k ARR. 12-month MRR retention of the starting customer base; median and quartiles across companies. Banded by monthly ARPA, not ACV.",low
CM23,ChartMogul,SaaS Retention Report,2023,https://chartmogul.com/reports/saas-retention-report/,2026-09-26,SMB and above: ARPA over $500 a month,GRR,median,80.6,"Billing data from 2,100+ companies on ChartMogul (B2B and B2C), calendar 2022; ARPA charts exclude companies under $300k ARR. 12-month MRR retention of the starting customer base; median and quartiles across companies. Banded by monthly ARPA, not ACV.",low
CM23,ChartMogul,SaaS Retention Report,2023,https://chartmogul.com/reports/saas-retention-report/,2026-09-26,SMB and above: ARPA over $500 a month,GRR,upper_quartile,88.1,"Billing data from 2,100+ companies on ChartMogul (B2B and B2C), calendar 2022; ARPA charts exclude companies under $300k ARR. 12-month MRR retention of the starting customer base; median and quartiles across companies. Banded by monthly ARPA, not ACV.",low
CM23,ChartMogul,SaaS Retention Report,2023,https://chartmogul.com/reports/saas-retention-report/,2026-09-26,SMB: ARPA $100 to $250 a month,Logo retention,lower_quartile,61.8,"Billing data from 2,100+ companies on ChartMogul (B2B and B2C), calendar 2022; ARPA charts exclude companies under $300k ARR. 12-month MRR retention of the starting customer base; median and quartiles across companies. Banded by monthly ARPA, not ACV.",low
CM23,ChartMogul,SaaS Retention Report,2023,https://chartmogul.com/reports/saas-retention-report/,2026-09-26,SMB: ARPA $100 to $250 a month,Logo retention,median,72.6,"Billing data from 2,100+ companies on ChartMogul (B2B and B2C), calendar 2022; ARPA charts exclude companies under $300k ARR. 12-month MRR retention of the starting customer base; median and quartiles across companies. Banded by monthly ARPA, not ACV.",low
CM23,ChartMogul,SaaS Retention Report,2023,https://chartmogul.com/reports/saas-retention-report/,2026-09-26,SMB: ARPA $100 to $250 a month,Logo retention,upper_quartile,81.1,"Billing data from 2,100+ companies on ChartMogul (B2B and B2C), calendar 2022; ARPA charts exclude companies under $300k ARR. 12-month MRR retention of the starting customer base; median and quartiles across companies. Banded by monthly ARPA, not ACV.",low
CM23,ChartMogul,SaaS Retention Report,2023,https://chartmogul.com/reports/saas-retention-report/,2026-09-26,SMB: ARPA $250 to $500 a month,Logo retention,lower_quartile,63.1,"Billing data from 2,100+ companies on ChartMogul (B2B and B2C), calendar 2022; ARPA charts exclude companies under $300k ARR. 12-month MRR retention of the starting customer base; median and quartiles across companies. Banded by monthly ARPA, not ACV.",low
CM23,ChartMogul,SaaS Retention Report,2023,https://chartmogul.com/reports/saas-retention-report/,2026-09-26,SMB: ARPA $250 to $500 a month,Logo retention,median,73.4,"Billing data from 2,100+ companies on ChartMogul (B2B and B2C), calendar 2022; ARPA charts exclude companies under $300k ARR. 12-month MRR retention of the starting customer base; median and quartiles across companies. Banded by monthly ARPA, not ACV.",low
CM23,ChartMogul,SaaS Retention Report,2023,https://chartmogul.com/reports/saas-retention-report/,2026-09-26,SMB: ARPA $250 to $500 a month,Logo retention,upper_quartile,81.6,"Billing data from 2,100+ companies on ChartMogul (B2B and B2C), calendar 2022; ARPA charts exclude companies under $300k ARR. 12-month MRR retention of the starting customer base; median and quartiles across companies. Banded by monthly ARPA, not ACV.",low
CM23,ChartMogul,SaaS Retention Report,2023,https://chartmogul.com/reports/saas-retention-report/,2026-09-26,SMB and above: ARPA over $500 a month,Logo retention,lower_quartile,65.9,"Billing data from 2,100+ companies on ChartMogul (B2B and B2C), calendar 2022; ARPA charts exclude companies under $300k ARR. 12-month MRR retention of the starting customer base; median and quartiles across companies. Banded by monthly ARPA, not ACV.",low
CM23,ChartMogul,SaaS Retention Report,2023,https://chartmogul.com/reports/saas-retention-report/,2026-09-26,SMB and above: ARPA over $500 a month,Logo retention,median,77.7,"Billing data from 2,100+ companies on ChartMogul (B2B and B2C), calendar 2022; ARPA charts exclude companies under $300k ARR. 12-month MRR retention of the starting customer base; median and quartiles across companies. Banded by monthly ARPA, not ACV.",low
CM23,ChartMogul,SaaS Retention Report,2023,https://chartmogul.com/reports/saas-retention-report/,2026-09-26,SMB and above: ARPA over $500 a month,Logo retention,upper_quartile,85.7,"Billing data from 2,100+ companies on ChartMogul (B2B and B2C), calendar 2022; ARPA charts exclude companies under $300k ARR. 12-month MRR retention of the starting customer base; median and quartiles across companies. Banded by monthly ARPA, not ACV.",low
