finding_id,investor_question,materiality,databook_tab,finding,question_text
F01,2,High,4a,"One-off revenue flatters 2025 growth. Headline revenue growth is 22.8%; recurring revenue grew 12.1% and revenue excluding the 45 'other implementation' invoices billed in 2025 grew 11.9%. Those invoices total £4.08m (8.9% of 2025 revenue), all to existing customers, none in the customer's signup month. Recurring share fell from 96.9% in 2024 to 88.5%.",How much is recurring?
F02,6,High,4e,"Price increases carry a large part of recurring growth. Every recurring line was billed 5% more from January 2024 and a further 7% from January 2025. ARR grew 10.3% in 2025, 3.1% before the price increase (14.4% and 8.9% in 2024). The price increase added £2.31m of ARR in 2025; upsell was £0.",What explains the change in revenue?
F03,3,High,4d,"Retention is weakening. NRR was 95.8%, 98.7% and 95.4% for 2023 to 2025; excluding the price increase it was 95.8%, 94.0% and 89.2%. GRR fell from 94.5% to 88.8%. Logo churn rose from 90 customers (8.9%) in 2023 to 171 (12.7%) in 2025. NRR and GRR are available for 2023 to 2025 only.","Are customers staying, growing or leaving?"
F04,3,High,4c,"Newer customers leave faster. At the same tenure, 78.6% of customers who signed up from 2023 were still subscribed after 12 months, against 92.5% for 2017 to 2022 signups (74.6% for the 2024 cohort). The fall appears in every channel, size band and industry; it is largest for Micro customers (91.3% to 66.1%).","Are customers staying, growing or leaving?"
F05,4,High,4b,"Six large accounts carry 20.8% of 2025 revenue (32.7% in 2022), and two of them are shrinking. C1052's December ARR fell £983,535 (down 42.4%) to £1.34m after it dropped Analytics Add-on (ended 2025-09-01) and Payments Module (ended 2025-09-01). C1545's December ARR fell £243,915 (down 11.9%) to £1.81m after it dropped Payments Module (ended 2025-02-01). The largest customer was 4.6% of 2025 revenue; no customer exceeded 10% in any year.",Is the business dependent on a few customers?
F06,5,Medium,4f,"Gross margin fell from 77.8% to 73.8% in 2025, entirely through mix: the mix effect was -4.03 points and the rate effect +0.00. Implementation Services earns 27.1%, and its cost of delivery rose from £0.80m to £3.85m, so the 2025 implementation revenue came with its delivery cost.",Where does the margin come from?
F07,5,Medium,4f,Discounts gave up £5.35m of list-price revenue in 2025 (11.6% of list). Large customers average 22.2% off list and account for 74.7% of the revenue given up.,Where does the margin come from?
F08,1,Low,Reconciliation,"Revenue is real and reconciles. The cleaned invoice ledger ties to the management accounts' product lines in all 48 months. Reported total revenue carries four unexplained round-number adjustments: the reported total is £18,500 below the invoices in 2023, £2,500 above in 2024 and £15,000 above in 2025. 40 duplicate invoices (£96,957) were removed from the data-room extract, and 15 negative paid invoices suggest reported revenue is understated by £13,844 over four years.",Is the revenue real and does it reconcile?
F09,3,Medium,4g,"Paid Search and Partner/Reseller customers churn fastest (19.5% and 19.7% in 2025, against 8.6% for Direct Sales). Healthcare NRR was 79.4% in 2025, driven by one large customer.","Are customers staying, growing or leaving?"
F10,6,Medium,4e,"2025 revenue rose £8.50m: other implementation £4.08m, new customers £3.07m, full-year effect of 2024 additions £2.18m, price £2.46m and cross-sell £0.28m, less churn £2.64m and downgrades £0.90m.",What explains the change in revenue?
