name,value,unit,source,note
net_revenue_2022,28232151.64,gbp,4a_revenue_mix,
recurring_pct_2022,96.515109,pct,4a_revenue_mix,
arr_2022,29005683.6,gbp,4a_arr,
mgmt_revenue_2022,28232151.64,gbp,step3_recon_annual,
gross_margin_2022,77.447442,pct,4f_margin_reconciliation,
overdue_pct_2022,3.19,pct,step2_overdue_by_year,
net_revenue_2023,32192869.95,gbp,4a_revenue_mix,
recurring_pct_2023,96.340172,pct,4a_revenue_mix,
arr_2023,32781342.6,gbp,4a_arr,
mgmt_revenue_2023,32174369.95,gbp,step3_recon_annual,
gross_margin_2023,77.395776,pct,4f_margin_reconciliation,
overdue_pct_2023,2.6,pct,step2_overdue_by_year,
net_revenue_2024,37258898.51,gbp,4a_revenue_mix,
recurring_pct_2024,96.929016,pct,4a_revenue_mix,
arr_2024,37496836.08,gbp,4a_arr,
mgmt_revenue_2024,37261398.51,gbp,step3_recon_annual,
gross_margin_2024,77.787607,pct,4f_margin_reconciliation,
overdue_pct_2024,2.89,pct,step2_overdue_by_year,
net_revenue_2025,45756419.35,gbp,4a_revenue_mix,
recurring_pct_2025,88.457746,pct,4a_revenue_mix,
arr_2025,41359827.84,gbp,4a_arr,
mgmt_revenue_2025,45771419.35,gbp,step3_recon_annual,
gross_margin_2025,73.756396,pct,4f_margin_reconciliation,
overdue_pct_2025,3.31,pct,step2_overdue_by_year,
headline_growth_2023,14.029105,pct,4a_growth,
recurring_growth_2023,13.822423,pct,4a_growth,
growth_ex_other_implementation_2023,14.029105,pct,4a_growth,
arr_growth_2023,13.016963,pct,4a_arr,
arr_growth_ex_price_2023,13.016963,pct,4a_arr,
price_uplift_2023,0.0,pct,4a_uplift_factors,
nrr_2023,95.766411,pct,4d_nrr_grr,
grr_2023,94.521877,pct,4d_nrr_grr,
nrr_ex_price_2023,95.766411,pct,4d_nrr_grr,
nrr_ex_top5_2023,94.021711,pct,4d_nrr_grr,
churned_customers_2023,90.0,count,4e_arr_bridge,
logo_churn_rate_2023,8.910891,pct,4e_arr_bridge,
arr_bridge_new_2023,5003640.48,gbp,4e_arr_bridge,
arr_bridge_cross_sell_2023,360985.44,gbp,4e_arr_bridge,
arr_bridge_upsell_2023,0.0,gbp,4e_arr_bridge,
arr_bridge_price_increase_2023,0.0,gbp,4e_arr_bridge,
arr_bridge_downgrade_2023,-79064.4,gbp,4e_arr_bridge,
arr_bridge_contraction_2023,0.0,gbp,4e_arr_bridge,
arr_bridge_churn_2023,-1509902.52,gbp,4e_arr_bridge,
rev_bridge_new_customers_2023,2884583.65,gbp,4e_revenue_bridge,
rev_bridge_full_year_effect_of_prior_year_additions_2023,2039767.82,gbp,4e_revenue_bridge,
rev_bridge_cross_sell_2023,196902.61,gbp,4e_revenue_bridge,
rev_bridge_upsell_2023,0.0,gbp,4e_revenue_bridge,
rev_bridge_price_increase_2023,0.0,gbp,4e_revenue_bridge,
rev_bridge_billing_gaps_2023,-3911.95,gbp,4e_revenue_bridge,
rev_bridge_downgrade_2023,-76395.5,gbp,4e_revenue_bridge,
rev_bridge_contraction_2023,0.0,gbp,4e_revenue_bridge,
rev_bridge_churn_2023,-1326723.42,gbp,4e_revenue_bridge,
rev_bridge_credit_notes_change_2023,52150.89,gbp,4e_revenue_bridge,
rev_bridge_signup_implementation_change_2023,194344.21,gbp,4e_revenue_bridge,
rev_bridge_other_implementation_change_2023,0.0,gbp,4e_revenue_bridge,
mix_effect_2023,-0.081638,pts,4f_mix_rate,
rate_effect_2023,0.029971,pts,4f_mix_rate,
manual_adjustments_2023,-18500.0,gbp,step3_reported_total_effects,
headline_growth_2024,15.736492,pct,4a_growth,
recurring_growth_2024,16.44389,pct,4a_growth,
growth_ex_other_implementation_2024,15.736492,pct,4a_growth,
arr_growth_2024,14.384687,pct,4a_arr,
arr_growth_ex_price_2024,8.937797,pct,4a_arr,
price_uplift_2024,5.0,pct,4a_uplift_factors,
nrr_2024,98.747049,pct,4d_nrr_grr,
grr_2024,92.912156,pct,4d_nrr_grr,
nrr_ex_price_2024,94.044808,pct,4d_nrr_grr,
nrr_ex_top5_2024,97.477071,pct,4d_nrr_grr,
churned_customers_2024,132.0,count,4e_arr_bridge,
logo_churn_rate_2024,10.954357,pct,4e_arr_bridge,
arr_bridge_new_2024,5126227.68,gbp,4e_arr_bridge,
arr_bridge_cross_sell_2024,471697.92,gbp,4e_arr_bridge,
arr_bridge_upsell_2024,0.0,gbp,4e_arr_bridge,
arr_bridge_price_increase_2024,1518997.08,gbp,4e_arr_bridge,
arr_bridge_downgrade_2024,-314614.2,gbp,4e_arr_bridge,
arr_bridge_contraction_2024,0.0,gbp,4e_arr_bridge,
arr_bridge_churn_2024,-2086815.0,gbp,4e_arr_bridge,
rev_bridge_new_customers_2024,2982907.36,gbp,4e_revenue_bridge,
rev_bridge_full_year_effect_of_prior_year_additions_2024,2273217.17,gbp,4e_revenue_bridge,
rev_bridge_cross_sell_2024,278899.86,gbp,4e_revenue_bridge,
rev_bridge_upsell_2024,403.984762,gbp,4e_revenue_bridge,
rev_bridge_price_increase_2024,1579728.135238,gbp,4e_revenue_bridge,
rev_bridge_billing_gaps_2024,-1752.89,gbp,4e_revenue_bridge,
rev_bridge_downgrade_2024,-196870.77,gbp,4e_revenue_bridge,
rev_bridge_contraction_2024,0.0,gbp,4e_revenue_bridge,
rev_bridge_churn_2024,-1772194.68,gbp,4e_revenue_bridge,
rev_bridge_credit_notes_change_2024,-44320.63,gbp,4e_revenue_bridge,
rev_bridge_signup_implementation_change_2024,-33988.98,gbp,4e_revenue_bridge,
rev_bridge_other_implementation_change_2024,0.0,gbp,4e_revenue_bridge,
mix_effect_2024,0.285652,pts,4f_mix_rate,
rate_effect_2024,0.106179,pts,4f_mix_rate,
manual_adjustments_2024,2500.0,gbp,step3_reported_total_effects,
headline_growth_2025,22.806688,pct,4a_growth,
recurring_growth_2025,12.073797,pct,4a_growth,
growth_ex_other_implementation_2025,11.865478,pct,4a_growth,
arr_growth_2025,10.302181,pct,4a_arr,
arr_growth_ex_price_2025,3.08615,pct,4a_arr,
price_uplift_2025,7.0,pct,4a_uplift_factors,
nrr_2025,95.443477,pct,4d_nrr_grr,
grr_2025,88.769051,pct,4d_nrr_grr,
nrr_ex_price_2025,89.199512,pct,4d_nrr_grr,
nrr_ex_top5_2025,97.288444,pct,4d_nrr_grr,
churned_customers_2025,171.0,count,4e_arr_bridge,
logo_churn_rate_2025,12.732688,pct,4e_arr_bridge,
arr_bridge_new_2025,5571543.6,gbp,4e_arr_bridge,
arr_bridge_cross_sell_2025,413062.32,gbp,4e_arr_bridge,
arr_bridge_upsell_2025,0.0,gbp,4e_arr_bridge,
arr_bridge_price_increase_2025,2314269.24,gbp,4e_arr_bridge,
arr_bridge_downgrade_2025,-1529874.12,gbp,4e_arr_bridge,
arr_bridge_contraction_2025,0.0,gbp,4e_arr_bridge,
arr_bridge_churn_2025,-2906009.28,gbp,4e_arr_bridge,
rev_bridge_new_customers_2025,3068355.96,gbp,4e_revenue_bridge,
rev_bridge_full_year_effect_of_prior_year_additions_2025,2183163.57,gbp,4e_revenue_bridge,
rev_bridge_cross_sell_2025,278670.58,gbp,4e_revenue_bridge,
rev_bridge_upsell_2025,0.0,gbp,4e_revenue_bridge,
rev_bridge_price_increase_2025,2455688.22,gbp,4e_revenue_bridge,
rev_bridge_billing_gaps_2025,-1740.79,gbp,4e_revenue_bridge,
rev_bridge_downgrade_2025,-896690.15,gbp,4e_revenue_bridge,
rev_bridge_contraction_2025,0.0,gbp,4e_revenue_bridge,
rev_bridge_churn_2025,-2639571.77,gbp,4e_revenue_bridge,
rev_bridge_credit_notes_change_2025,-87462.16,gbp,4e_revenue_bridge,
rev_bridge_signup_implementation_change_2025,60533.07,gbp,4e_revenue_bridge,
rev_bridge_other_implementation_change_2025,4076574.31,gbp,4e_revenue_bridge,
mix_effect_2025,-4.032451,pts,4f_mix_rate,
rate_effect_2025,0.00124,pts,4f_mix_rate,
manual_adjustments_2025,15000.0,gbp,step3_reported_total_effects,
bm_smb_nrr_low,94.0,pct,4d_benchmark_comparison,
bm_smb_nrr_high,107.0,pct,4d_benchmark_comparison,
bm_smb_grr_low,83.0,pct,4d_benchmark_comparison,
bm_smb_grr_high,92.0,pct,4d_benchmark_comparison,
bm_sc_smb_nrr_low,98.0,pct,4d_benchmark_comparison,
bm_sc_smb_nrr_high,103.0,pct,4d_benchmark_comparison,
bm_sc_smb_grr_low,90.0,pct,4d_benchmark_comparison,
bm_sc_smb_grr_high,91.0,pct,4d_benchmark_comparison,
bm_band_nrr_low,102.0,pct,4d_benchmark_comparison,
bm_band_nrr_high,105.0,pct,4d_benchmark_comparison,
bm_band_grr_low,88.0,pct,4d_benchmark_comparison,
bm_band_grr_high,92.0,pct,4d_benchmark_comparison,
other_implementation_2025,4076574.31,gbp,4a_revenue_mix,
other_implementation_pct_2025,8.909295,pct,4a_revenue_mix,
large_account_share_2022,32.746353,pct,4b_large_account_share,
large_account_share_2025,20.834011,pct,4b_large_account_share,
top1_share_2025,4.591585,pct,4b_top_n_shares,
top5_share_2025,18.624157,pct,4b_top_n_shares,
top10_share_2025,22.338647,pct,4b_top_n_shares,
top20_share_2025,25.534149,pct,4b_top_n_shares,
top1_share_2022,7.677417,pct,4b_top_n_shares,
C1052_dec_arr_2024,2320499.88,gbp,4b_top10_runrate,
C1052_dec_arr_2025,1336964.88,gbp,4b_top10_runrate,
C1052_arr_change,-983535.0,gbp,4b_top10_runrate,
C1052_arr_change_pct,-42.384618,pct,4b_top10_runrate,
C1052_change_vs_peak_pct,-46.153848,pct,4b_top10_runrate,
C1545_dec_arr_2024,2052750.0,gbp,4b_top10_runrate,
C1545_dec_arr_2025,1808835.0,gbp,4b_top10_runrate,
C1545_arr_change,-243915.0,gbp,4b_top10_runrate,
C1545_arr_change_pct,-11.882353,pct,4b_top10_runrate,
C1545_change_vs_peak_pct,-17.647061,pct,4b_top10_runrate,
retention_6m_older,96.981732,pct,4c_old_vs_new_cohorts,
retention_6m_newer,90.932983,pct,4c_old_vs_new_cohorts,
retention_12m_older,92.533757,pct,4c_old_vs_new_cohorts,
retention_12m_newer,78.62969,pct,4c_old_vs_new_cohorts,
retention_18m_older,88.16521,pct,4c_old_vs_new_cohorts,
retention_18m_newer,72.57384,pct,4c_old_vs_new_cohorts,
retention_12m_2024_cohort,74.587459,pct,4c_tenure_matched,
retention_12m_2022_cohort,91.735537,pct,4c_tenure_matched,
implementation_margin_2025,27.075378,pct,4f_margin_by_line,
implementation_cost_2024,803287.42,gbp,4f_margin_by_line,
implementation_cost_2025,3851384.23,gbp,4f_margin_by_line,
discount_given_up_2025,5354905.676723,gbp,4f_discount_by_year,
discount_pct_of_list_2025,11.580969,pct,4f_discount_by_year,
large_discount_pct_2025,22.208354,pct,4f_discount_by_size,
large_share_of_discount_2025,74.66645,pct,4f_discount_by_size,
logo_churn_2025_Paid Search,19.457014,pct,4g_segments,
logo_churn_2025_Partner/Reseller,19.730942,pct,4g_segments,
logo_churn_2025_Direct Sales,8.59375,pct,4g_segments,
nrr_2025_Healthcare,79.387943,pct,4g_segments,
retention_12m_micro_older,91.293532,pct,4g_retention_12m_by_segment,
retention_12m_micro_newer,66.129032,pct,4g_retention_12m_by_segment,
anomaly_probable_understatement,13843.82,gbp,clean_invoices (anomaly_flag),
anomaly_invoices,15.0,count,clean_invoices (anomaly_flag),
duplicates_removed,96957.26,gbp,clean_removed_invoices,
duplicate_rows,40.0,count,clean_removed_invoices,
other_implementation_invoices,45.0,count,clean_invoices (oneoff_category),
other_implementation_overdue,277704.19,gbp,clean_invoices (oneoff_category),
recurring_revenue_2022,27248292.05,gbp,4a_revenue_mix,
oneoff_revenue_2022,983859.59,gbp,4a_revenue_mix,
recurring_revenue_2023,31014666.15,gbp,4a_revenue_mix,
oneoff_revenue_2023,1178203.8,gbp,4a_revenue_mix,
recurring_revenue_2024,36114683.69,gbp,4a_revenue_mix,
oneoff_revenue_2024,1144214.82,gbp,4a_revenue_mix,
recurring_revenue_2025,40475097.15,gbp,4a_revenue_mix,
oneoff_revenue_2025,5281322.2,gbp,4a_revenue_mix,
net_ex_other_implementation_2025,41679845.04,gbp,4a_growth,
revenue_increase_2025,8497520.84,gbp,derived: net_revenue_2025 - net_revenue_2024,
arr_increase_2025,3862991.76,gbp,derived: arr_2025 - arr_2024,
reported_less_cube_2025,15000.0,gbp,derived: mgmt_revenue_2025 - net_revenue_2025,
raw_invoice_rows,92732.0,count,raw_invoices,
name_pairs,229.0,count,prof_name_shared_pairs,
signup_implementation_median,3180.19,gbp,clean_invoices (signup_implementation),
materiality_flag_gbp,1000.0,gbp,cfg_materiality,
materiality_monthly_pct,0.5,pct,cfg_materiality,
materiality_annual_pct,0.1,pct,cfg_materiality,
customers_total,2192.0,count,raw_customers,
