qa_id,step,issue_ref,topic,question,evidence,status
Q01,Step 2,P07,Customer identity,"For each pair of customer_ids whose names differ only in ""Ltd"" against ""Limited"", are the two ids the same legal entity? If so, which id should revenue and contract history sit under?","229 pairs (458 customer_ids) share a normalised name. Within a pair, region, size, industry and account manager agree no more often than for random pairs, and most pairs run contracts at the same time. List in docs/data_profile.md section 12.",open
Q02,Step 2,P02,Other implementation revenue,What work do the 2025 implementation invoices billed outside the customer's signup month relate to? Please provide the statement of work or contract for each.,"45 invoices, £4,076,574 in total, ranging £32,292 to £147,347, all dated 2025, all for existing customers. Implementation invoices billed at signup have a median of £3,180.",open
Q03,Step 2,P02,Other implementation revenue,What is the delivery and customer-acceptance status of each of these projects at December 2025?,"3 of the 45 invoices (£277,704) are overdue.",open
Q04,Step 2,P02,Other implementation revenue,"On what basis is this revenue recognised: on invoice, on milestone, or on completion and acceptance? Is any of it deferred in the management accounts?","£4,076,574 billed in 2025 on 45 invoices.",open
Q05,Step 2,P02,Other implementation revenue,Are further projects of this kind contracted or expected in 2026? Please provide the pipeline with values and expected dates.,None were billed in 2022 to 2024; all fall in 2025.,open
Q06,Step 2,P04,Duplicate invoices,"Were the duplicate invoice copies issued to customers, and are they included in the receivables ledger and the overdue balance?","40 exact duplicates removed, £96,957.26. Original and copy are both marked overdue in every case.",open
Q07,Step 2,P05,Management accounts,"In the months listed, the four product-line revenue figures do not add up to total revenue. Which figure is correct, and what caused the difference?","4 months: Jun 2023 +£18,500, Mar 2024 -£12,000, Nov 2024 +£9,500, Feb 2025 -£15,000.",open
Q08,Step 2,P06,Negative invoices,"What are the negative amounts on invoices marked paid? Are they credit notes recorded without the credit-note status, or sign errors?","15 invoices, -£13,843.82 in total. Each is the only billing for its customer, product and month; the months either side carry the same amount as a positive.",open
Q09,Step 2,P10,Contract dates,"What event does customers.signup_date record (contract signature, go-live or account creation)? Why are some first invoices dated before it?","1,423 invoices for 806 customers are dated 1 to 26 days before signup_date, always in the same calendar month.",open
Q10,Step 2,P08,Customer attributes,Can management supply the industry for customers where it is blank?,132 customers have no industry; they are reported as Unknown.,open
Q11,Step 3,P06,Negative invoices,"Why were the negative amounts on invoices marked paid left out of reported revenue instead of being corrected? If they are sign errors, will the invoices and the management accounts be restated?","15 invoices. Reported revenue excludes them: the cube ties to the product lines in all 48 months only when they are excluded. The months either side of each carry the same amount as a positive, so reported revenue is probably understated by £13,843.82 (2022 £5,788.75, 2023 £2,118.96, 2024 £4,073.48, 2025 £1,862.63).",open
Q12,Step 3,P05,Management accounts,"Please provide the journal listing behind the four manual differences between product-line revenue and reported total revenue, showing who posted each entry, when, and why.","Reported total less the sum of product lines: Jun 2023 -£18,500, Mar 2024 +£12,000, Nov 2024 -£9,500, Feb 2025 +£15,000. The invoice data ties to the product lines in each of these months.",open
Q13,Step 3,P05,Management accounts,"What is the policy on manual adjustments to reported revenue, who can approve them, and are they reviewed at month end?",Four months carry round-number differences between reported total revenue and the sum of the product lines.,open
Q14,Step 3,P05,Management accounts,Which 2025 revenue figure appears in the information memorandum: the reported total or the sum of the product lines?,"2025 reported total revenue is £45,771,419.35; the sum of the product lines is £45,756,419.35. The February 2025 adjustment adds £15,000 to the reported total.",open
Q15,Step 4,4a,Price increases,"Please confirm the price increases applied from January 2024 and January 2025, the contractual basis for them, how customers were notified, and whether a further increase is planned for 2026.",Every recurring line bills 5% above its contracted price in 2024 and a further 7% in 2025. The subscription table does not record the increases.,open
Q16,Step 4,4b,Large customers,Why did C1052 end Analytics Add-on (ended 2025-09-01) and Payments Module (ended 2025-09-01)? What is the renewal date and status of its remaining contract? Why did C1545 end Payments Module (ended 2025-02-01)? What is the renewal date and status of its remaining contract?,"C1052: December ARR £2.32m in 2024, £1.34m in 2025 (down 42.4%). C1545: December ARR £2.05m in 2024, £1.81m in 2025 (down 11.9%).",open
Q17,Step 4,4b,Large customers,"Please provide the contracts for the six customers priced at 10 times list or more, including term, renewal dates, termination and change-of-control clauses.",They carry 20.8% of 2025 revenue.,open
Q18,Step 4,4c,Retention,"What changed in customer acquisition, onboarding or pricing from 2023 that could explain faster churn among newer customers? Please provide churn reasons by customer for 2024 and 2025.",12-month logo retention: 78.6% for 2023+ signups against 92.5% for 2017 to 2022 signups; Micro customers 66.1%.,open
Q19,Step 4,4g,Retention,"Why do customers acquired through Paid Search and Partner/Reseller churn faster, and what is the acquisition cost of each channel?","2025 logo churn: Paid Search 19.5%, Partner/Reseller 19.7%, Direct Sales 8.6%.",open
Q20,Step 4,4f,Margin,"Is the Implementation Services cost of delivery for the 2025 projects complete, and is further cost to come on work already billed?",Implementation cost of delivery rose from £0.80m in 2024 to £3.85m in 2025; margin 27.1%.,open
Q21,Step 4,4f,Pricing,"What is the discount policy for large customers, who approves discounts, and are any discounts due to fall away or be renegotiated at renewal?",Large customers average 22.2% off list; £5.35m given up across all customers in 2025.,open
