month,mgmt_total_revenue,mgmt_sum_of_lines,cube_net,difference,difference_pct,flagged,material,anomaly_rows,status,explanation
2022-01-01,2244374.48,2244374.48,2244374.48,0.0,0.0,False,False,0,tied,
2022-02-01,2213487.89,2213487.89,2213487.89,0.0,0.0,False,False,0,tied,
2022-03-01,2249417.71,2249417.71,2249417.71,0.0,0.0,False,False,1,explained,"Ties once 1 negative paid invoice(s) (INV740991, £702.47 as supplied) are excluded, as management did (A02, Q11)."
2022-04-01,2327025.28,2327025.28,2327025.28,0.0,0.0,False,False,1,explained,"Ties once 1 negative paid invoice(s) (INV751844, £1,136.08 as supplied) are excluded, as management did (A02, Q11)."
2022-05-01,2326968.59,2326968.59,2326968.59,0.0,0.0,False,False,0,tied,
2022-06-01,2381907.21,2381907.21,2381907.21,0.0,0.0,False,False,0,tied,
2022-07-01,2392021.5,2392021.5,2392021.5,0.0,0.0,False,False,1,explained,"Ties once 1 negative paid invoice(s) (INV717181, £1,030.98 as supplied) are excluded, as management did (A02, Q11)."
2022-08-01,2365378.06,2365378.06,2365378.06,0.0,0.0,False,False,0,tied,
2022-09-01,2404716.28,2404716.28,2404716.28,0.0,0.0,False,False,1,explained,"Ties once 1 negative paid invoice(s) (INV722989, £2,919.22 as supplied) are excluded, as management did (A02, Q11)."
2022-10-01,2395581.81,2395581.81,2395581.81,0.0,0.0,False,False,0,tied,
2022-11-01,2430858.58,2430858.58,2430858.58,0.0,0.0,False,False,0,tied,
2022-12-01,2500414.25,2500414.25,2500414.25,0.0,0.0,False,False,0,tied,
2023-01-01,2553770.31,2553770.31,2553770.31,0.0,0.0,False,False,1,explained,"Ties once 1 negative paid invoice(s) (INV754430, £550.00 as supplied) are excluded, as management did (A02, Q11)."
2023-02-01,2615992.01,2615992.01,2615992.01,0.0,0.0,False,False,0,tied,
2023-03-01,2579603.18,2579603.18,2579603.18,0.0,0.0,False,False,0,tied,
2023-04-01,2597741.68,2597741.68,2597741.68,0.0,0.0,False,False,0,tied,
2023-05-01,2696935.59,2696935.59,2696935.59,0.0,0.0,False,False,0,tied,
2023-06-01,2716929.59,2735429.59,2735429.59,18500.0,0.681,True,True,0,unexplained,"Cube ties to the sum of the management product lines. The reported total is £18,500 below the lines, a manual difference not allocated to any product line (Q07, Q12 to Q14)."
2023-07-01,2681733.32,2681733.32,2681733.32,0.0,0.0,False,False,2,explained,"Ties once 2 negative paid invoice(s) (INV710858, INV758329, £1,568.96 as supplied) are excluded, as management did (A02, Q11)."
2023-08-01,2720774.17,2720774.17,2720774.17,0.0,0.0,False,False,0,tied,
2023-09-01,2699117.96,2699117.96,2699117.96,0.0,0.0,False,False,0,tied,
2023-10-01,2733902.33,2733902.33,2733902.33,0.0,0.0,False,False,0,tied,
2023-11-01,2790949.54,2790949.54,2790949.54,0.0,0.0,False,False,0,tied,
2023-12-01,2786920.27,2786920.27,2786920.27,0.0,0.0,False,False,0,tied,
2024-01-01,2936380.17,2936380.17,2936380.17,0.0,0.0,False,False,0,tied,
2024-02-01,3006142.69,3006142.69,3006142.69,0.0,0.0,False,False,0,tied,
2024-03-01,3051622.66,3039622.66,3039622.66,-12000.0,-0.393,True,False,2,unexplained,"Cube ties to the sum of the management product lines. The reported total is £12,000 above the lines, a manual difference not allocated to any product line (Q07, Q12 to Q14). The month also holds 2 negative paid invoice(s) (INV742515, INV775990), excluded as management did."
2024-04-01,3083644.32,3083644.32,3083644.32,0.0,0.0,False,False,2,explained,"Ties once 2 negative paid invoice(s) (INV749523, INV757592, £1,054.82 as supplied) are excluded, as management did (A02, Q11)."
2024-05-01,3078701.34,3078701.34,3078701.34,0.0,0.0,False,False,1,explained,"Ties once 1 negative paid invoice(s) (INV713623, £692.38 as supplied) are excluded, as management did (A02, Q11)."
2024-06-01,3217773.75,3217773.75,3217773.75,0.0,0.0,False,False,0,tied,
2024-07-01,3132278.91,3132278.91,3132278.91,0.0,0.0,False,False,0,tied,
2024-08-01,3118389.55,3118389.55,3118389.55,0.0,0.0,False,False,0,tied,
2024-09-01,3118592.04,3118592.04,3118592.04,0.0,0.0,False,False,1,explained,"Ties once 1 negative paid invoice(s) (INV706900, £521.81 as supplied) are excluded, as management did (A02, Q11)."
2024-10-01,3167941.39,3167941.39,3167941.39,0.0,0.0,False,False,0,tied,
2024-11-01,3190876.09,3200376.09,3200376.09,9500.0,0.298,True,False,0,unexplained,"Cube ties to the sum of the management product lines. The reported total is £9,500 below the lines, a manual difference not allocated to any product line (Q07, Q12 to Q14)."
2024-12-01,3159055.6,3159055.6,3159055.6,0.0,0.0,False,False,0,tied,
2025-01-01,3859561.66,3859561.66,3859561.66,0.0,0.0,False,False,0,tied,
2025-02-01,3802073.54,3787073.54,3787073.54,-15000.0,-0.395,True,False,0,unexplained,"Cube ties to the sum of the management product lines. The reported total is £15,000 above the lines, a manual difference not allocated to any product line (Q07, Q12 to Q14)."
2025-03-01,3790020.95,3790020.95,3790020.95,0.0,0.0,False,False,0,tied,
2025-04-01,3644255.97,3644255.97,3644255.97,0.0,0.0,False,False,1,explained,"Ties once 1 negative paid invoice(s) (INV732944, £599.63 as supplied) are excluded, as management did (A02, Q11)."
2025-05-01,3991404.28,3991404.28,3991404.28,0.0,0.0,False,False,0,tied,
2025-06-01,4286165.47,4286165.47,4286165.47,0.0,0.0,False,False,0,tied,
2025-07-01,3531342.79,3531342.79,3531342.79,0.0,0.0,False,False,0,tied,
2025-08-01,3824036.58,3824036.58,3824036.58,0.0,0.0,False,False,1,explained,"Ties once 1 negative paid invoice(s) (INV759641, £1,263.00 as supplied) are excluded, as management did (A02, Q11)."
2025-09-01,3599823.26,3599823.26,3599823.26,0.0,0.0,False,False,0,tied,
2025-10-01,3768098.19,3768098.19,3768098.19,0.0,0.0,False,False,0,tied,
2025-11-01,3833117.98,3833117.98,3833117.98,0.0,0.0,False,False,0,tied,
2025-12-01,3841518.68,3841518.68,3841518.68,0.0,0.0,False,False,0,tied,
