month,cost_of_delivery,cost_of_sales,difference
2022-01-01,530480.86,530480.86,0.0
2022-02-01,488440.45,488440.45,0.0
2022-03-01,491505.88,491505.88,0.0
2022-04-01,510412.61,510412.61,0.0
2022-05-01,481742.95,481742.95,0.0
2022-06-01,539413.3,539413.3,0.0
2022-07-01,548515.9,548515.9,0.0
2022-08-01,513404.36,513404.36,0.0
2022-09-01,560666.15,560666.15,0.0
2022-10-01,559191.33,559191.33,0.0
2022-11-01,542906.68,542906.68,0.0
2022-12-01,600391.85,600391.85,0.0
2023-01-01,604006.53,604006.53,0.0
2023-02-01,625670.71,625670.71,0.0
2023-03-01,578588.95,578588.95,0.0
2023-04-01,584993.81,584993.81,0.0
2023-05-01,634453.79,634453.79,0.0
2023-06-01,624174.55,624174.55,0.0
2023-07-01,575999.92,575999.92,0.0
2023-08-01,618694.25,618694.25,0.0
2023-09-01,585029.83,585029.83,0.0
2023-10-01,612137.55,612137.55,0.0
2023-11-01,638961.74,638961.74,0.0
2023-12-01,594236.95,594236.95,0.0
2024-01-01,620087.13,620087.13,0.0
2024-02-01,681998.92,681998.92,0.0
2024-03-01,659983.57,659983.57,0.0
2024-04-01,686946.22,686946.22,0.0
2024-05-01,682349.37,682349.37,0.0
2024-06-01,724110.0,724110.0,0.0
2024-07-01,683227.16,683227.16,0.0
2024-08-01,710629.21,710629.21,0.0
2024-09-01,722559.32,722559.32,0.0
2024-10-01,707855.71,707855.71,0.0
2024-11-01,704644.82,704644.82,0.0
2024-12-01,691701.72,691701.72,0.0
2025-01-01,1027338.87,1027338.87,0.0
2025-02-01,994941.45,994941.45,0.0
2025-03-01,1007760.64,1007760.64,0.0
2025-04-01,871850.1,871850.1,0.0
2025-05-01,1073353.64,1073353.64,0.0
2025-06-01,1413899.12,1413899.12,0.0
2025-07-01,779295.29,779295.29,0.0
2025-08-01,1045062.3,1045062.3,0.0
2025-09-01,868798.81,868798.81,0.0
2025-10-01,925438.8,925438.8,0.0
2025-11-01,991582.65,991582.65,0.0
2025-12-01,1008812.04,1008812.04,0.0
