month,product_line,mgmt_revenue,cube_net,difference,flagged
2022-01-01,Analytics Add-on,242430.65,242430.65,0.0,False
2022-01-01,Core Platform,1656012.39,1656012.39,0.0,False
2022-01-01,Implementation Services,103371.09,103371.09,0.0,False
2022-01-01,Payments Module,242560.35,242560.35,0.0,False
2022-02-01,Analytics Add-on,203711.75,203711.75,0.0,False
2022-02-01,Core Platform,1676447.48,1676447.48,0.0,False
2022-02-01,Implementation Services,72875.77,72875.77,0.0,False
2022-02-01,Payments Module,260452.89,260452.89,0.0,False
2022-03-01,Analytics Add-on,248865.02,248865.02,0.0,False
2022-03-01,Core Platform,1684861.79,1684861.79,0.0,False
2022-03-01,Implementation Services,55238.47,55238.47,0.0,False
2022-03-01,Payments Module,260452.43,259749.96,-702.47,False
2022-04-01,Analytics Add-on,252043.45,252043.45,0.0,False
2022-04-01,Core Platform,1714597.19,1713461.11,-1136.08,True
2022-04-01,Implementation Services,97962.1,97962.1,0.0,False
2022-04-01,Payments Module,262422.54,262422.54,0.0,False
2022-05-01,Analytics Add-on,257683.9,257683.9,0.0,False
2022-05-01,Core Platform,1728793.2,1728793.2,0.0,False
2022-05-01,Implementation Services,86571.85,86571.85,0.0,False
2022-05-01,Payments Module,253919.64,253919.64,0.0,False
2022-06-01,Analytics Add-on,261357.95,261357.95,0.0,False
2022-06-01,Core Platform,1758596.13,1758596.13,0.0,False
2022-06-01,Implementation Services,98894.98,98894.98,0.0,False
2022-06-01,Payments Module,263058.15,263058.15,0.0,False
2022-07-01,Analytics Add-on,263622.06,263622.06,0.0,False
2022-07-01,Core Platform,1760557.73,1759526.75,-1030.98,True
2022-07-01,Implementation Services,99443.38,99443.38,0.0,False
2022-07-01,Payments Module,268398.33,268398.33,0.0,False
2022-08-01,Analytics Add-on,267879.37,267879.37,0.0,False
2022-08-01,Core Platform,1776155.22,1776155.22,0.0,False
2022-08-01,Implementation Services,51587.11,51587.11,0.0,False
2022-08-01,Payments Module,269756.36,269756.36,0.0,False
2022-09-01,Analytics Add-on,266766.37,266766.37,0.0,False
2022-09-01,Core Platform,1797293.47,1794374.25,-2919.22,True
2022-09-01,Implementation Services,69009.14,69009.14,0.0,False
2022-09-01,Payments Module,271647.3,271647.3,0.0,False
2022-10-01,Analytics Add-on,268965.69,268965.69,0.0,False
2022-10-01,Core Platform,1758276.79,1758276.79,0.0,False
2022-10-01,Implementation Services,92398.13,92398.13,0.0,False
2022-10-01,Payments Module,275941.2,275941.2,0.0,False
2022-11-01,Analytics Add-on,270965.73,270965.73,0.0,False
2022-11-01,Core Platform,1817333.42,1817333.42,0.0,False
2022-11-01,Implementation Services,62088.68,62088.68,0.0,False
2022-11-01,Payments Module,280470.75,280470.75,0.0,False
2022-12-01,Analytics Add-on,274572.3,274572.3,0.0,False
2022-12-01,Core Platform,1850389.08,1850389.08,0.0,False
2022-12-01,Implementation Services,94418.89,94418.89,0.0,False
2022-12-01,Payments Module,281033.98,281033.98,0.0,False
2023-01-01,Analytics Add-on,278214.28,277664.28,-550.0,False
2023-01-01,Core Platform,1865015.51,1865015.51,0.0,False
2023-01-01,Implementation Services,124208.5,124208.5,0.0,False
2023-01-01,Payments Module,286332.02,286332.02,0.0,False
2023-02-01,Analytics Add-on,285641.85,285641.85,0.0,False
2023-02-01,Core Platform,1911224.51,1911224.51,0.0,False
2023-02-01,Implementation Services,130095.52,130095.52,0.0,False
2023-02-01,Payments Module,289030.13,289030.13,0.0,False
2023-03-01,Analytics Add-on,288667.11,288667.11,0.0,False
2023-03-01,Core Platform,1922527.71,1922527.71,0.0,False
2023-03-01,Implementation Services,78020.51,78020.51,0.0,False
2023-03-01,Payments Module,290387.85,290387.85,0.0,False
2023-04-01,Analytics Add-on,289186.59,289186.59,0.0,False
2023-04-01,Core Platform,1942595.04,1942595.04,0.0,False
2023-04-01,Implementation Services,71965.56,71965.56,0.0,False
2023-04-01,Payments Module,293994.49,293994.49,0.0,False
2023-05-01,Analytics Add-on,297033.07,297033.07,0.0,False
2023-05-01,Core Platform,1971761.42,1971761.42,0.0,False
2023-05-01,Implementation Services,132860.84,132860.84,0.0,False
2023-05-01,Payments Module,295280.26,295280.26,0.0,False
2023-06-01,Analytics Add-on,299863.37,299863.37,0.0,False
2023-06-01,Core Platform,2009025.67,2009025.67,0.0,False
2023-06-01,Implementation Services,126663.72,126663.72,0.0,False
2023-06-01,Payments Module,299876.83,299876.83,0.0,False
2023-07-01,Analytics Add-on,303065.38,303065.38,0.0,False
2023-07-01,Core Platform,2011242.96,2009674.0,-1568.96,True
2023-07-01,Implementation Services,66797.33,66797.33,0.0,False
2023-07-01,Payments Module,300627.65,300627.65,0.0,False
2023-08-01,Analytics Add-on,308079.95,308079.95,0.0,False
2023-08-01,Core Platform,2018706.93,2018706.93,0.0,False
2023-08-01,Implementation Services,93966.85,93966.85,0.0,False
2023-08-01,Payments Module,300020.44,300020.44,0.0,False
2023-09-01,Analytics Add-on,310079.06,310079.06,0.0,False
2023-09-01,Core Platform,2015643.75,2015643.75,0.0,False
2023-09-01,Implementation Services,69432.11,69432.11,0.0,False
2023-09-01,Payments Module,303963.04,303963.04,0.0,False
2023-10-01,Analytics Add-on,306368.37,306368.37,0.0,False
2023-10-01,Core Platform,2035613.9,2035613.9,0.0,False
2023-10-01,Implementation Services,86526.64,86526.64,0.0,False
2023-10-01,Payments Module,305393.42,305393.42,0.0,False
2023-11-01,Analytics Add-on,311608.58,311608.58,0.0,False
2023-11-01,Core Platform,2060524.85,2060524.85,0.0,False
2023-11-01,Implementation Services,108098.6,108098.6,0.0,False
2023-11-01,Payments Module,310717.51,310717.51,0.0,False
2023-12-01,Analytics Add-on,316682.29,316682.29,0.0,False
2023-12-01,Core Platform,2066586.95,2066586.95,0.0,False
2023-12-01,Implementation Services,89567.62,89567.62,0.0,False
2023-12-01,Payments Module,314083.41,314083.41,0.0,False
2024-01-01,Analytics Add-on,334288.45,334288.45,0.0,False
2024-01-01,Core Platform,2198592.3,2198592.3,0.0,False
2024-01-01,Implementation Services,70270.99,70270.99,0.0,False
2024-01-01,Payments Module,333228.43,333228.43,0.0,False
2024-02-01,Analytics Add-on,337589.64,337589.64,0.0,False
2024-02-01,Core Platform,2225614.18,2225614.18,0.0,False
2024-02-01,Implementation Services,107381.93,107381.93,0.0,False
2024-02-01,Payments Module,335556.94,335556.94,0.0,False
2024-03-01,Analytics Add-on,340741.0,340741.0,0.0,False
2024-03-01,Core Platform,2243034.36,2241856.24,-1178.12,True
2024-03-01,Implementation Services,118110.52,118110.52,0.0,False
2024-03-01,Payments Module,337736.78,337110.43,-626.35,False
2024-04-01,Analytics Add-on,346373.39,345822.57,-550.82,False
2024-04-01,Core Platform,2268767.89,2268263.89,-504.0,False
2024-04-01,Implementation Services,125694.77,125694.77,0.0,False
2024-04-01,Payments Module,342808.27,342808.27,0.0,False
2024-05-01,Analytics Add-on,353848.39,353848.39,0.0,False
2024-05-01,Core Platform,2296204.02,2296204.02,0.0,False
2024-05-01,Implementation Services,83626.08,83626.08,0.0,False
2024-05-01,Payments Module,345022.85,344330.47,-692.38,False
2024-06-01,Analytics Add-on,360988.88,360988.88,0.0,False
2024-06-01,Core Platform,2345963.83,2345963.83,0.0,False
2024-06-01,Implementation Services,160266.49,160266.49,0.0,False
2024-06-01,Payments Module,350554.55,350554.55,0.0,False
2024-07-01,Analytics Add-on,344874.67,344874.67,0.0,False
2024-07-01,Core Platform,2346581.26,2346581.26,0.0,False
2024-07-01,Implementation Services,80207.8,80207.8,0.0,False
2024-07-01,Payments Module,360615.18,360615.18,0.0,False
2024-08-01,Analytics Add-on,347390.81,347390.81,0.0,False
2024-08-01,Core Platform,2344592.14,2344592.14,0.0,False
2024-08-01,Implementation Services,67145.98,67145.98,0.0,False
2024-08-01,Payments Module,359260.62,359260.62,0.0,False
2024-09-01,Analytics Add-on,344125.13,343603.32,-521.81,False
2024-09-01,Core Platform,2345387.29,2345387.29,0.0,False
2024-09-01,Implementation Services,71960.1,71960.1,0.0,False
2024-09-01,Payments Module,357119.52,357119.52,0.0,False
2024-10-01,Analytics Add-on,350162.22,350162.22,0.0,False
2024-10-01,Core Platform,2361993.21,2361993.21,0.0,False
2024-10-01,Implementation Services,95981.99,95981.99,0.0,False
2024-10-01,Payments Module,359803.97,359803.97,0.0,False
2024-11-01,Analytics Add-on,354531.45,354531.45,0.0,False
2024-11-01,Core Platform,2377230.17,2377230.17,0.0,False
2024-11-01,Implementation Services,105313.67,105313.67,0.0,False
2024-11-01,Payments Module,363300.8,363300.8,0.0,False
2024-12-01,Analytics Add-on,353469.6,353469.6,0.0,False
2024-12-01,Core Platform,2382008.02,2382008.02,0.0,False
2024-12-01,Implementation Services,58254.5,58254.5,0.0,False
2024-12-01,Payments Module,365323.48,365323.48,0.0,False
2025-01-01,Analytics Add-on,384337.93,384337.93,0.0,False
2025-01-01,Core Platform,2555667.5,2555667.5,0.0,False
2025-01-01,Implementation Services,531128.64,531128.64,0.0,False
2025-01-01,Payments Module,388427.59,388427.59,0.0,False
2025-02-01,Analytics Add-on,380601.58,380601.58,0.0,False
2025-02-01,Core Platform,2590134.99,2590134.99,0.0,False
2025-02-01,Implementation Services,450778.03,450778.03,0.0,False
2025-02-01,Payments Module,365558.94,365558.94,0.0,False
2025-03-01,Analytics Add-on,374018.33,374018.33,0.0,False
2025-03-01,Core Platform,2607934.61,2607934.61,0.0,False
2025-03-01,Implementation Services,439998.47,439998.47,0.0,False
2025-03-01,Payments Module,368069.54,368069.54,0.0,False
2025-04-01,Analytics Add-on,390276.86,389677.23,-599.63,False
2025-04-01,Core Platform,2600771.38,2600771.38,0.0,False
2025-04-01,Implementation Services,285931.65,285931.65,0.0,False
2025-04-01,Payments Module,367276.08,367276.08,0.0,False
2025-05-01,Analytics Add-on,391571.67,391571.67,0.0,False
2025-05-01,Core Platform,2615236.16,2615236.16,0.0,False
2025-05-01,Implementation Services,614291.65,614291.65,0.0,False
2025-05-01,Payments Module,370304.8,370304.8,0.0,False
2025-06-01,Analytics Add-on,399243.52,399243.52,0.0,False
2025-06-01,Core Platform,2616942.4,2616942.4,0.0,False
2025-06-01,Implementation Services,898855.97,898855.97,0.0,False
2025-06-01,Payments Module,371123.58,371123.58,0.0,False
2025-07-01,Analytics Add-on,402162.96,402162.96,0.0,False
2025-07-01,Core Platform,2616935.67,2616935.67,0.0,False
2025-07-01,Implementation Services,140319.92,140319.92,0.0,False
2025-07-01,Payments Module,371924.24,371924.24,0.0,False
2025-08-01,Analytics Add-on,406981.46,406981.46,0.0,False
2025-08-01,Core Platform,2658769.66,2657506.66,-1263.0,True
2025-08-01,Implementation Services,381102.79,381102.79,0.0,False
2025-08-01,Payments Module,377182.67,377182.67,0.0,False
2025-09-01,Analytics Add-on,358082.93,358082.93,0.0,False
2025-09-01,Core Platform,2655579.29,2655579.29,0.0,False
2025-09-01,Implementation Services,254771.15,254771.15,0.0,False
2025-09-01,Payments Module,331389.89,331389.89,0.0,False
2025-10-01,Analytics Add-on,359355.9,359355.9,0.0,False
2025-10-01,Core Platform,2679260.25,2679260.25,0.0,False
2025-10-01,Implementation Services,394959.62,394959.62,0.0,False
2025-10-01,Payments Module,334522.42,334522.42,0.0,False
2025-11-01,Analytics Add-on,363050.2,363050.2,0.0,False
2025-11-01,Core Platform,2681310.43,2681310.43,0.0,False
2025-11-01,Implementation Services,455009.73,455009.73,0.0,False
2025-11-01,Payments Module,333747.62,333747.62,0.0,False
2025-12-01,Analytics Add-on,365205.02,365205.02,0.0,False
2025-12-01,Core Platform,2706294.01,2706294.01,0.0,False
2025-12-01,Implementation Services,434174.58,434174.58,0.0,False
2025-12-01,Payments Module,335845.07,335845.07,0.0,False
