month,difference,anomaly_amount_in_month,anomaly_rows_in_month,duplicates_removed_in_month,credit_notes_in_month,mgmt_lines_less_total,product_line_differences,residual_after_anomaly_and_line_gap
2022-04-01,-1136.08,-1136.08,1,1127.64,-14221.28,0.0,Core Platform -1136.08,0.0
2022-07-01,-1030.98,-1030.98,1,0.0,-27265.42,0.0,Core Platform -1030.98,0.0
2022-09-01,-2919.22,-2919.22,1,0.0,-16045.3,0.0,Core Platform -2919.22,0.0
2023-06-01,18500.0,0.0,0,460.62,-16855.72,18500.0,,0.0
2023-07-01,-1568.96,-1568.96,2,1710.5,-13358.58,0.0,Core Platform -1568.96,0.0
2024-03-01,-13804.47,-1804.47,2,524.35,-26943.15,-12000.0,Core Platform -1178.12; Payments Module -626.35,0.0
2024-04-01,-1054.82,-1054.82,2,0.0,-31629.51,0.0,Analytics Add-on -550.82; Core Platform -504.00,0.0
2024-11-01,9500.0,0.0,0,0.0,-35951.25,9500.0,,0.0
2025-02-01,-15000.0,0.0,0,2325.73,-31394.01,-15000.0,,0.0
2025-08-01,-1263.0,-1263.0,1,0.0,-14452.78,0.0,Core Platform -1263.00,0.0
