year,product_line,mgmt_revenue,cube_net,difference,months_tied
2022,Analytics Add-on,3078864.24,3078864.24,0.0,12
2022,Core Platform,20979313.89,20974227.61,-5086.28,9
2022,Implementation Services,983859.59,983859.59,0.0,12
2022,Payments Module,3190113.92,3189411.45,-702.47,11
2023,Analytics Add-on,3594489.9,3593939.9,-550.0,11
2023,Core Platform,23830469.2,23828900.24,-1568.96,11
2023,Implementation Services,1178203.8,1178203.8,0.0,12
2023,Payments Module,3589707.05,3589707.05,0.0,12
2024,Analytics Add-on,4168383.63,4167311.0,-1072.63,10
2024,Core Platform,27735968.67,27734286.55,-1682.12,10
2024,Implementation Services,1144214.82,1144214.82,0.0,12
2024,Payments Module,4210331.39,4209012.66,-1318.73,10
2025,Analytics Add-on,4574888.36,4574288.73,-599.63,11
2025,Core Platform,31584836.35,31583573.35,-1263.0,11
2025,Implementation Services,5281322.2,5281322.2,0.0,12
2025,Payments Module,4315372.44,4315372.44,0.0,12
